customerID;jobID;bookingTime;vaTime;startX;startY;endX;endY
10001;AP0001;31.07.2016 00:26;31.07.2016 00:26;476140.3324;5552867.788;476893.608;5552824.655
10002;AP0002;31.07.2016 00:30;31.07.2016 00:30;476254.439;5552674.937;476257.698;5552850.459
10003;AP0003;31.07.2016 00:49;31.07.2016 00:49;476643.3029;5552884.113;476403.3152;5552742.135
10004;AP0004;31.07.2016 00:52;31.07.2016 00:52;475883.3445;5553020.78;476817.1579;5552590.67
10005;AP0005;31.07.2016 01:00;31.07.2016 01:00;476779.4636;5552484.219;476262.1449;5552793.431
10006;AP0006;31.07.2016 01:04;31.07.2016 01:04;476217.6255;5552536.017;476531.3364;5552479.073
10007;AP0007;31.07.2016 01:08;31.07.2016 01:08;476678.3144;5552484.326;476315.5638;5553278.251
10008;AP0008;31.07.2016 01:12;31.07.2016 01:12;476130.0762;5552981.997;476297.9048;5552969.808
10009;AP0009;31.07.2016 01:40;31.07.2016 01:40;476843.8124;5553030.605;476180.3592;5552992.453
10010;AP0010;31.07.2016 01:44;31.07.2016 01:44;476110.8546;5552660.516;476214.3243;5552568.562
10011;AP0011;31.07.2016 01:44;31.07.2016 01:44;476581.3015;5552449.16;476841.9255;5552595.616
10012;AP0012;31.07.2016 01:56;31.07.2016 01:56;476230.7872;5552813.863;476041.7222;5553296.226
10013;AP0013;31.07.2016 02:19;31.07.2016 02:19;476216.4628;5552744.133;476817.1599;5552372.139
10014;AP0014;31.07.2016 02:40;31.07.2016 02:40;475974.2095;5552963.018;476036.9294;5553053.064
10015;AP0015;31.07.2016 02:44;31.07.2016 02:44;476510.1664;5552807.009;476412.0963;5552364.103
10016;AP0016;31.07.2016 04:38;31.07.2016 04:38;476424.8592;5552574.951;476289.7222;5552766.849
10017;AP0017;31.07.2016 04:51;31.07.2016 04:51;476205.9725;5553026.517;476132.5128;5552982.503
10018;AP0018;31.07.2016 05:18;31.07.2016 05:18;476420.6671;5552563.126;476190.4268;5552805.447
10019;AP0019;31.07.2016 05:30;31.07.2016 05:30;476148.577;5552985.844;476055.0879;5553072.388
10020;AP0020;31.07.2016 05:30;31.07.2016 05:30;476295.6855;5552769.879;476210.5686;5553005.572
10021;AP0021;31.07.2016 05:36;31.07.2016 05:36;476304.1688;5552601.115;476019.3253;5552687.315
10022;AP0022;31.07.2016 05:54;31.07.2016 05:54;476223.2562;5552234.058;476329.9739;5552488.867
10023;AP0023;31.07.2016 06:25;31.07.2016 06:25;476226.5217;5552668.108;476053.3012;5552761.401
10024;AP0024;31.07.2016 06:40;31.07.2016 06:40;476077.5009;5552982.899;476147.9509;5552799.244
10025;AP0025;31.07.2016 06:41;31.07.2016 06:41;475871.7503;5553164.102;475925.866;5552884.493
10026;AP0026;31.07.2016 06:43;31.07.2016 06:43;476695.1297;5552480.523;476578.9322;5553316.599
10027;AP0027;31.07.2016 06:47;31.07.2016 06:47;476609.6509;5552752.339;476610.023;5552970.611
10028;AP0028;31.07.2016 06:49;31.07.2016 06:49;476256.216;5552586.395;475955.6886;5552243.009
10029;AP0029;31.07.2016 06:53;31.07.2016 06:53;475949.9206;5552740.898;476747.6196;5552640.033
10030;AP0030;31.07.2016 06:54;31.07.2016 06:54;476615.9823;5552607.253;476400.0398;5552498.362
10031;AP0031;31.07.2016 07:04;31.07.2016 07:04;476258.0837;5552326.253;476685.2311;5552467.041
10032;AP0032;31.07.2016 07:06;31.07.2016 07:06;476141.9581;5552800.667;476405.2722;5552663.684
10033;AP0033;31.07.2016 07:08;31.07.2016 07:08;476243.3388;5552768.634;476432.9018;5552879.927
10034;AP0034;31.07.2016 07:15;31.07.2016 07:15;476821.7403;5552493.178;476920.1672;5552818.376
10035;AP0035;31.07.2016 07:23;31.07.2016 07:23;476698.8648;5552280.743;476095.8665;5553095.037
10036;AP0036;31.07.2016 07:24;31.07.2016 07:24;476398.973;5552478.36;476434.1251;5552208.69
10037;AP0037;31.07.2016 07:25;31.07.2016 07:25;476626.4616;5552586.586;476126.0662;5552728.581
10038;AP0038;31.07.2016 07:30;31.07.2016 07:30;476181.2872;5553049.133;475952.544;5552725.237
10039;AP0039;31.07.2016 07:31;31.07.2016 07:31;475988.1381;5552312.176;476351.349;5552260.178
10040;AP0040;31.07.2016 07:31;31.07.2016 07:31;476493.6792;5552762.158;476716.1393;5552974.103
10041;AP0041;31.07.2016 07:36;31.07.2016 07:36;476086.374;5552796.279;476776.7189;5552521.594
10042;AP0042;31.07.2016 07:37;31.07.2016 07:37;476199.1442;5553002.629;476256.5504;5552280.268
10043;AP0043;31.07.2016 07:41;31.07.2016 07:41;476744.9115;5552986.977;476617.5945;5552919.761
10044;AP0044;31.07.2016 07:41;31.07.2016 07:41;476195.172;5552293.98;476447.4372;5552509.275
10045;AP0045;31.07.2016 07:45;31.07.2016 07:45;476142.7694;5553197.959;476241.0488;5552778.57
10046;AP0046;31.07.2016 07:46;31.07.2016 07:46;475978.6984;5552951.559;476710.7662;5552448.289
10047;AP0047;31.07.2016 07:46;31.07.2016 07:46;475864.7867;5553182.095;476020.659;5552755.366
10048;AP0048;31.07.2016 07:48;31.07.2016 07:48;476518.4126;5552791.643;476086.9463;5552936.662
10049;AP0049;31.07.2016 07:48;31.07.2016 07:48;476309.7049;5552953.949;476307.0438;5552928.583
10050;AP0050;31.07.2016 07:49;31.07.2016 07:49;476304.5179;5552964.458;476854.2423;5552950.961
10051;AP0051;31.07.2016 07:58;31.07.2016 07:58;476430.7775;5552256.326;476294.4367;5552396.413
10052;AP0052;31.07.2016 07:59;31.07.2016 07:59;476343.1244;5552798.012;476310.6744;5552878.681
10053;AP0053;31.07.2016 08:00;31.07.2016 08:00;476129.8681;5552913.245;476199.7212;5552462.119
10054;AP0054;31.07.2016 08:02;31.07.2016 08:02;476289.5553;5552532.239;476220.8405;5552504.322
10055;AP0055;31.07.2016 08:04;31.07.2016 08:04;476846.3538;5552709.649;476215.7793;5552810.734
10056;AP0056;31.07.2016 08:06;31.07.2016 08:06;476114.7016;5552729.708;476917.3372;5552817.833
10057;AP0057;31.07.2016 08:08;31.07.2016 08:08;476127.8907;5552728.399;476853.9313;5552951.958
10058;AP0058;31.07.2016 08:10;31.07.2016 08:10;476297.6552;5552396.85;476270.0817;5552477.347
10059;AP0059;31.07.2016 08:13;31.07.2016 08:13;476130.5645;5552826.73;476825.9734;5553023.249
10060;AP0060;31.07.2016 08:16;31.07.2016 08:16;476221.5702;5553128.954;476467.4205;5552910.949
10061;AP0061;31.07.2016 08:16;31.07.2016 08:16;476583.7168;5552449.584;476375.4478;5552867.018
10062;AP0062;31.07.2016 08:17;31.07.2016 08:17;476163.9769;5553115.466;476569.7205;5552743.491
10063;AP0063;31.07.2016 08:18;31.07.2016 08:18;476098.3906;5552978.05;476092.8951;5553049.671
10064;AP0064;31.07.2016 08:20;31.07.2016 08:20;476249.3415;5552821.579;476573.9173;5552538.225
10065;AP0065;31.07.2016 08:21;31.07.2016 08:21;476619.0223;5552921.176;476384.492;5552869.05
10066;AP0066;31.07.2016 08:24;31.07.2016 08:24;476241.8979;5552774.886;476565.0474;5552724.516
10067;AP0067;31.07.2016 08:24;31.07.2016 08:24;476060.2246;5552564.742;476705.8035;5552678.679
10068;AP0068;31.07.2016 08:25;31.07.2016 08:25;475963.9302;5552674.748;476036.4367;5552708.079
10069;AP0069;31.07.2016 08:33;31.07.2016 08:33;476251.1775;5552853.121;476221.4842;5552497.977
10070;AP0070;31.07.2016 08:34;31.07.2016 08:34;476193.409;5552888.05;476419.7798;5552526.613
10071;AP0071;31.07.2016 08:35;31.07.2016 08:35;476405.9914;5552325.403;476053.8236;5552291.244
10072;AP0072;31.07.2016 08:40;31.07.2016 08:40;476188.5763;5552738.193;475931.5851;5553063.245
10073;AP0073;31.07.2016 08:40;31.07.2016 08:40;476056.6433;5552766.558;476759.0237;5552583.304
10074;AP0074;31.07.2016 08:42;31.07.2016 08:42;476291.1887;5552806.655;476425.4688;5552543.662
10075;AP0075;31.07.2016 08:44;31.07.2016 08:44;476256.3315;5553065.24;476121.6822;5552975.755
10076;AP0076;31.07.2016 08:44;31.07.2016 08:44;476910.9634;5552728.861;476191.8897;5552887.83
10077;AP0077;31.07.2016 08:47;31.07.2016 08:47;475932.2083;5553058.191;476481.3839;5552711.237
10078;AP0078;31.07.2016 08:50;31.07.2016 08:50;476524.3515;5552258.195;476382.9189;5552230.629
10079;AP0079;31.07.2016 08:51;31.07.2016 08:51;475931.3298;5553065.316;476101.6539;5553032.51
10080;AP0080;31.07.2016 08:52;31.07.2016 08:52;476418.3897;5552522.447;476819.4763;5553063.472
10081;AP0081;31.07.2016 08:53;31.07.2016 08:53;476649.0631;5552573.558;476905.749;5552815.609
10082;AP0082;31.07.2016 08:53;31.07.2016 08:53;476886.113;5552506.321;475928.5445;5553039.779
10083;AP0083;31.07.2016 08:54;31.07.2016 08:54;476132.3224;5552802.955;476653.2587;5552666.632
10084;AP0084;31.07.2016 08:55;31.07.2016 08:55;476886.029;5552604.423;476255.5648;5553038.393
10085;AP0085;31.07.2016 08:55;31.07.2016 08:55;476650.0536;5552571.753;476584.0093;5552449.635
10086;AP0086;31.07.2016 08:56;31.07.2016 08:56;476251.3821;5552823.928;475936.5322;5552820.82
10087;AP0087;31.07.2016 09:01;31.07.2016 09:01;476660.4742;5552668.286;476634.8975;5553322.522
10088;AP0088;31.07.2016 09:01;31.07.2016 09:01;476824.9085;5552493.825;476020.6289;5552716.437
10089;AP0089;31.07.2016 09:04;31.07.2016 09:04;476161.5945;5553124.733;476682.3801;5552770.18
10090;AP0090;31.07.2016 09:04;31.07.2016 09:04;476324.4605;5552385.75;476421.4553;5552312.443
10091;AP0091;31.07.2016 09:05;31.07.2016 09:05;476286.7929;5553019.934;476458.2388;5552641.87
10092;AP0092;31.07.2016 09:06;31.07.2016 09:06;476092.3056;5552377.604;476328.6763;5552488.684
10093;AP0093;31.07.2016 09:07;31.07.2016 09:07;476218.8578;5553141.277;476468.8019;5552673.528
10094;AP0094;31.07.2016 09:10;31.07.2016 09:10;475999.1788;5552682.744;476017.9549;5552687.004
10095;AP0095;31.07.2016 09:10;31.07.2016 09:10;476082.8885;5552957.168;476197.1333;5552881.844
10096;AP0096;31.07.2016 09:11;31.07.2016 09:11;476133.4095;5552897.983;476698.938;5552275.471
10097;AP0097;31.07.2016 09:12;31.07.2016 09:12;476233.9924;5553011.608;476664.8834;5552264.545
10098;AP0098;31.07.2016 09:12;31.07.2016 09:12;476901.7416;5552721.318;476075.695;5552789.157
10099;AP0099;31.07.2016 09:13;31.07.2016 09:13;476432.8043;5552690.803;476606.7547;5552369.86
10100;AP0100;31.07.2016 09:13;31.07.2016 09:13;476124.9318;5552933.326;476148.7717;5552911.876
10101;AP0101;31.07.2016 09:18;31.07.2016 09:18;476511.1316;5552775.953;476199.6222;5552740.452
10102;AP0102;31.07.2016 09:18;31.07.2016 09:18;476151.7456;5553163.044;476690.5489;5552489.967
10103;AP0103;31.07.2016 09:22;31.07.2016 09:22;476155.2507;5552797.124;476320.1497;5552869.464
10104;AP0104;31.07.2016 09:23;31.07.2016 09:23;476220.7153;5553008.187;476789.3476;5552486.566
10105;AP0105;31.07.2016 09:23;31.07.2016 09:23;476133.8336;5553104.157;475923.6369;5553127.716
10106;AP0106;31.07.2016 09:24;31.07.2016 09:24;476872.2059;5552893.324;476145.1625;5552846.722
10107;AP0107;31.07.2016 09:25;31.07.2016 09:25;476681.6692;5552508.272;475864.7466;5553178.392
10108;AP0108;31.07.2016 09:26;31.07.2016 09:26;476890.5187;5552834.567;476169.2194;5552839.34
10109;AP0109;31.07.2016 09:26;31.07.2016 09:26;476052.8276;5552742.37;476165.9633;5552841.995
10110;AP0110;31.07.2016 09:26;31.07.2016 09:26;476158.63;5552913.386;476644.3361;5552379.902
10111;AP0111;31.07.2016 09:26;31.07.2016 09:26;476153.0867;5552912.537;476165.43;5552844.776
10112;AP0112;31.07.2016 09:27;31.07.2016 09:27;476257.0241;5552850.735;476306.9106;5552953.51
10113;AP0113;31.07.2016 09:27;31.07.2016 09:27;476080.9356;5552967.035;476152.528;5552798.157
10114;AP0114;31.07.2016 09:28;31.07.2016 09:28;476336.0259;5552711.797;475956.2341;5552703.21
10115;AP0115;31.07.2016 09:28;31.07.2016 09:28;476683.2421;5552673.506;476778.3739;5553179.682
10116;AP0116;31.07.2016 09:28;31.07.2016 09:28;476123.4145;5552805.071;476004.8889;5552881.585
10117;AP0117;31.07.2016 09:29;31.07.2016 09:29;475865.824;5553277.757;476010.1585;5552685.236
10118;AP0118;31.07.2016 09:30;31.07.2016 09:30;476155.9101;5552971.064;476134.5886;5552802.417
10119;AP0119;31.07.2016 09:31;31.07.2016 09:31;476643.7292;5552882.327;476710.4639;5553251.68
10120;AP0120;31.07.2016 09:31;31.07.2016 09:31;476638.7158;5553139.331;476381.8219;5553109.835
10121;AP0121;31.07.2016 09:32;31.07.2016 09:32;476879.0973;5552810.276;476114.2488;5552811.805
10122;AP0122;31.07.2016 09:32;31.07.2016 09:32;476020.6579;5552754.016;476135.3108;5553226.973
10123;AP0123;31.07.2016 09:33;31.07.2016 09:33;476757.6559;5552992.679;476178.286;5552896.771
10124;AP0124;31.07.2016 09:34;31.07.2016 09:34;476905.0909;5552762.513;476479.8208;5552706.551
10125;AP0125;31.07.2016 09:34;31.07.2016 09:34;476341.3603;5552490.48;476745.7385;5552478.201
10126;AP0126;31.07.2016 09:35;31.07.2016 09:35;476552.4663;5552749.154;476020.631;5552719.202
10127;AP0127;31.07.2016 09:36;31.07.2016 09:36;476587.2213;5552450.199;475997.9341;5553293.578
10128;AP0128;31.07.2016 09:36;31.07.2016 09:36;476198.6614;5552276.089;476456.7058;5552759.028
10129;AP0129;31.07.2016 09:39;31.07.2016 09:39;476007.4623;5552869.994;476125.6372;5552930.456
10130;AP0130;31.07.2016 09:41;31.07.2016 09:41;476531.3245;5552478.156;476222.816;5552855.232
10131;AP0131;31.07.2016 09:43;31.07.2016 09:43;476655.1181;5552462.119;476571.2981;5552360.384
10132;AP0132;31.07.2016 09:43;31.07.2016 09:43;476127.5079;5552922.846;476148.1812;5552799.189
10133;AP0133;31.07.2016 09:44;31.07.2016 09:44;476315.9271;5552763.819;476687.7907;5552771.282
10134;AP0134;31.07.2016 09:44;31.07.2016 09:44;476241.2558;5552777.672;476374.4914;5552866.803
10135;AP0135;31.07.2016 09:44;31.07.2016 09:44;476177.2065;5553064.174;476818.9017;5553065.365
10136;AP0136;31.07.2016 09:45;31.07.2016 09:45;476432.8584;5552732.373;476195.3638;5552292.996
10137;AP0137;31.07.2016 09:45;31.07.2016 09:45;476887.661;5552843.736;476850.6683;5552597.361
10138;AP0138;31.07.2016 09:45;31.07.2016 09:45;476633.4625;5552931.503;476070.867;5553297.989
10139;AP0139;31.07.2016 09:46;31.07.2016 09:46;476101.2808;5552869.245;476621.1037;5552927.261
10140;AP0140;31.07.2016 09:46;31.07.2016 09:46;476697.4188;5552400.79;476071.6357;5553008.701
10141;AP0141;31.07.2016 09:47;31.07.2016 09:47;476425.8072;5552741.212;476205.53;5552941.42
10142;AP0142;31.07.2016 09:47;31.07.2016 09:47;476231.005;5553032.511;476294.2473;5552986.306
10143;AP0143;31.07.2016 09:48;31.07.2016 09:48;476655.7635;5552824.732;476152.397;5552986.638
10144;AP0144;31.07.2016 09:49;31.07.2016 09:49;476290.5095;5553003.168;476754.3042;5552479.729
10145;AP0145;31.07.2016 09:49;31.07.2016 09:49;476757.212;5552386.962;476012.0731;5552849.226
10146;AP0146;31.07.2016 09:50;31.07.2016 09:50;476206.7347;5553026.7;476828.9087;5552800.045
10147;AP0147;31.07.2016 09:51;31.07.2016 09:51;476659.5348;5552668.071;476278.3423;5552854.716
10148;AP0148;31.07.2016 09:54;31.07.2016 09:54;475995.6967;5552532.826;476115.0948;5552807.046
10149;AP0149;31.07.2016 09:54;31.07.2016 09:54;476859.1792;5553030.886;476423.2078;5552536.886
10150;AP0150;31.07.2016 09:55;31.07.2016 09:55;476543.1799;5552766.952;476291.1203;5552864.187
10151;AP0151;31.07.2016 09:56;31.07.2016 09:56;476420.8198;5552503.474;475942.025;5552788.031
10152;AP0152;31.07.2016 09:56;31.07.2016 09:56;476327.6082;5553227.454;476244.0203;5552765.678
10153;AP0153;31.07.2016 09:56;31.07.2016 09:56;476674.2741;5552783.499;476267.9135;5553020.346
10154;AP0154;31.07.2016 09:58;31.07.2016 09:58;476680.3512;5552771.982;476083.7173;5552952.979
10155;AP0155;31.07.2016 09:58;31.07.2016 09:58;476850.1685;5552964.032;476163.611;5553111.31
10156;AP0156;31.07.2016 10:01;31.07.2016 10:01;476539.1533;5552529.952;476204.4629;5552946.936
10157;AP0157;31.07.2016 10:02;31.07.2016 10:02;476331.1085;5552489.027;475993.387;5553293.303
10158;AP0158;31.07.2016 10:02;31.07.2016 10:02;476075.7489;5552990.605;476002.1734;5552893.815
10159;AP0159;31.07.2016 10:03;31.07.2016 10:03;476417.9407;5552554.566;476260.2721;5552316.927
10160;AP0160;31.07.2016 10:04;31.07.2016 10:04;476438.8334;5552709.639;476600.6327;5552368.223
10161;AP0161;31.07.2016 10:04;31.07.2016 10:04;476649.6786;5552540.798;475996.7563;5553293.506
10162;AP0162;31.07.2016 10:04;31.07.2016 10:04;476088.298;5552929.832;476296.0703;5552867.856
10163;AP0163;31.07.2016 10:04;31.07.2016 10:04;476588.9997;5552677.701;476423.8426;5553164.078
10164;AP0164;31.07.2016 10:04;31.07.2016 10:04;476082.402;5552608.113;476154.8945;5552579.323
10165;AP0165;31.07.2016 10:05;31.07.2016 10:05;476408.9177;5553027.812;476843.7366;5552984.669
10166;AP0166;31.07.2016 10:05;31.07.2016 10:05;476684.8275;5552467.335;476323.7633;5552750.819
10167;AP0167;31.07.2016 10:05;31.07.2016 10:05;475993.8499;5552681.536;476878.911;5552810.238
10168;AP0168;31.07.2016 10:06;31.07.2016 10:06;476266.8007;5552833.688;476585.502;5552746.987
10169;AP0169;31.07.2016 10:08;31.07.2016 10:08;476242.2963;5553063.225;476119.9003;5553100.809
10170;AP0170;31.07.2016 10:09;31.07.2016 10:09;476035.9693;5552191.825;476314.6849;5552881.653
10171;AP0171;31.07.2016 10:10;31.07.2016 10:10;476683.3255;5552673.526;476250.6783;5552791.608
10172;AP0172;31.07.2016 10:10;31.07.2016 10:10;476738.4493;5552404.425;476117.6212;5553295.786
10173;AP0173;31.07.2016 10:11;31.07.2016 10:11;476024.619;5552418.443;476043.9682;5552422.737
10174;AP0174;31.07.2016 10:11;31.07.2016 10:11;476143.8995;5552984.872;476071.1592;5553010.798
10175;AP0175;31.07.2016 10:11;31.07.2016 10:11;476210.1206;5552918.003;476097.7705;5552694.431
10176;AP0176;31.07.2016 10:12;31.07.2016 10:12;476866.0923;5552912.938;476181.4907;5552997.666
10177;AP0177;31.07.2016 10:12;31.07.2016 10:12;476413.852;5552418.383;476263.8454;5552840.292
10178;AP0178;31.07.2016 10:13;31.07.2016 10:13;476411.1493;5552668.097;476314.5078;5552894.914
10179;AP0179;31.07.2016 10:14;31.07.2016 10:14;476794.6476;5552369.656;476179.3597;5552992.245
10180;AP0180;31.07.2016 10:14;31.07.2016 10:14;476077.3905;5552983.384;476020.6535;5552748.402
10181;AP0181;31.07.2016 10:14;31.07.2016 10:14;476403.7536;5552221.703;476331.9617;5552349.134
10182;AP0182;31.07.2016 10:14;31.07.2016 10:14;476745.5005;5553309.172;476215.7987;5552580.684
10183;AP0183;31.07.2016 10:15;31.07.2016 10:15;476217.1335;5552540.867;476237.1757;5552858.838
10184;AP0184;31.07.2016 10:15;31.07.2016 10:15;476039.8142;5552723.793;476291.8418;5552680.401
10185;AP0185;31.07.2016 10:16;31.07.2016 10:16;476306.5344;5553269.034;476601.8876;5553319.029
10186;AP0186;31.07.2016 10:16;31.07.2016 10:16;476829.7169;5552800.21;476098.5649;5552978.091
10187;AP0187;31.07.2016 10:17;31.07.2016 10:17;476229.7942;5552813.657;476050.9973;5552603.201
10188;AP0188;31.07.2016 10:17;31.07.2016 10:17;476530.9914;5552452.721;476097.563;5552802.095
10189;AP0189;31.07.2016 10:18;31.07.2016 10:18;476242.6976;5552856.584;476667.5566;5552952.008
10190;AP0190;31.07.2016 10:18;31.07.2016 10:18;476782.9978;5553271.975;476611.002;5552966.782
10191;AP0191;31.07.2016 10:18;31.07.2016 10:18;476544.3946;5552847.245;476437.783;5552991.633
10192;AP0192;31.07.2016 10:19;31.07.2016 10:19;476233.2317;5552435.547;476223.9153;5552582.183
10193;AP0193;31.07.2016 10:20;31.07.2016 10:20;475996.2705;5552682.085;476155.9179;5553146.814
10194;AP0194;31.07.2016 10:20;31.07.2016 10:20;476651.9726;5552942.635;476115.5874;5552815.244
10195;AP0195;31.07.2016 10:20;31.07.2016 10:20;476269.8353;5552758.309;476885.131;5552851.853
10196;AP0196;31.07.2016 10:21;31.07.2016 10:21;475956.3612;5552702.452;476378.8717;5552814.895
10197;AP0197;31.07.2016 10:22;31.07.2016 10:22;476129.9074;5552985.942;476236.3672;5552815.887
10198;AP0198;31.07.2016 10:23;31.07.2016 10:23;476274.9422;5552827.121;476245.7015;5552758.383
10199;AP0199;31.07.2016 10:24;31.07.2016 10:24;476743.6804;5552986.426;476207.4994;5552742.063
10200;AP0200;31.07.2016 10:25;31.07.2016 10:25;476264.879;5552842.002;476156.505;5553144.531
10201;AP0201;31.07.2016 10:25;31.07.2016 10:25;476190.4464;5552228.22;476047.8672;5552321.668
10202;AP0202;31.07.2016 10:26;31.07.2016 10:26;476293.4632;5552802.65;476297.3299;5553003.905
10203;AP0203;31.07.2016 10:26;31.07.2016 10:26;476259.8929;5552318.543;476032.4105;5552326.291
10204;AP0204;31.07.2016 10:27;31.07.2016 10:27;476153.3736;5553108.851;475865.6603;5553124.922
10205;AP0205;31.07.2016 10:28;31.07.2016 10:28;476783.8824;5552696.49;476342.3807;5553207.943
10206;AP0206;31.07.2016 10:28;31.07.2016 10:28;475922.1712;5553139.604;475997.1416;5552682.282
10207;AP0207;31.07.2016 10:28;31.07.2016 10:28;476181.8999;5553043.699;476240.9757;5552857.286
10208;AP0208;31.07.2016 10:32;31.07.2016 10:32;476364.0031;5552809.063;476644.0502;5552937.871
10209;AP0209;31.07.2016 10:32;31.07.2016 10:32;476284.4513;5552550.888;476659.8127;5552520.813
10210;AP0210;31.07.2016 10:33;31.07.2016 10:33;476275.4227;5552393.831;476116.9807;5552441.465
10211;AP0211;31.07.2016 10:35;31.07.2016 10:35;476750.7084;5552628.676;476179.4612;5552892.553
10212;AP0212;31.07.2016 10:36;31.07.2016 10:36;476903.532;5552815.182;476142.7984;5552857.033
10213;AP0213;31.07.2016 10:38;31.07.2016 10:38;476462.1343;5552886.495;476527.7474;5552421.021
10214;AP0214;31.07.2016 10:40;31.07.2016 10:40;476244.5284;5552672.512;476137.9956;5552877.98
10215;AP0215;31.07.2016 10:42;31.07.2016 10:42;475997.9341;5553293.578;476762.6659;5552579.788
10216;AP0216;31.07.2016 10:43;31.07.2016 10:43;476671.1728;5552560.022;476394.3214;5552225.744
10217;AP0217;31.07.2016 10:44;31.07.2016 10:44;476261.8848;5552793.389;476889.082;5552839.177
10218;AP0218;31.07.2016 10:45;31.07.2016 10:45;476192.8415;5552887.968;476235.4493;5552815.514
10219;AP0219;31.07.2016 10:47;31.07.2016 10:47;476378.8708;5552232.362;476214.6418;5552565.431
10220;AP0220;31.07.2016 10:47;31.07.2016 10:47;476080.9925;5552948.667;476545.1107;5552763.252
10221;AP0221;31.07.2016 10:47;31.07.2016 10:47;476255.585;5552851.323;476399.021;5553047.582
10222;AP0222;31.07.2016 10:47;31.07.2016 10:47;476189.2989;5552985.779;476020.6307;5552718.825
10223;AP0223;31.07.2016 10:52;31.07.2016 10:52;476835.9085;5553009.786;476556.9152;5552859.647
10224;AP0224;31.07.2016 10:52;31.07.2016 10:52;476893.1974;5552825.972;476585.1377;5552746.907
10225;AP0225;31.07.2016 10:53;31.07.2016 10:53;476169.0151;5552577.689;476443.1293;5552959.471
10226;AP0226;31.07.2016 10:54;31.07.2016 10:54;475984.6402;5553292.775;476662.5342;5552948.988
10227;AP0227;31.07.2016 10:55;31.07.2016 10:55;476922.745;5552828.19;476583.6873;5552688.084
10228;AP0228;31.07.2016 10:56;31.07.2016 10:56;476020.9592;5553294.971;476162.5006;5552972.716
10229;AP0229;31.07.2016 10:57;31.07.2016 10:57;476407.934;5552874.317;476669.3669;5552464.621
10230;AP0230;31.07.2016 10:59;31.07.2016 10:59;476389.3434;5552734.445;475873.8442;5553163.881
10231;AP0231;31.07.2016 10:59;31.07.2016 10:59;476879.3905;5552870.272;476065.9934;5552780.329
10232;AP0232;31.07.2016 10:59;31.07.2016 10:59;476183.7111;5553049.753;476475.8038;5552813.653
10233;AP0233;31.07.2016 11:00;31.07.2016 11:00;476143.4879;5553106.475;476738.6391;5552404.249
10234;AP0234;31.07.2016 11:00;31.07.2016 11:00;476070.6151;5552738.272;476068.315;5553074.547
10235;AP0235;31.07.2016 11:01;31.07.2016 11:01;476018.7138;5552786.396;476881.3241;5552864.067
10236;AP0236;31.07.2016 11:02;31.07.2016 11:02;476336.8027;5552325.502;476254.1815;5552474.53
10237;AP0237;31.07.2016 11:02;31.07.2016 11:02;476651.3303;5552569.428;476295.2959;5552867.282
10238;AP0238;31.07.2016 11:03;31.07.2016 11:03;476187.6967;5553021.58;476672.9218;5552494.96
10239;AP0239;31.07.2016 11:04;31.07.2016 11:04;476528.2306;5552399.059;476126.1233;5553262.712
10240;AP0240;31.07.2016 11:05;31.07.2016 11:05;476067.503;5553026.882;476314.6319;5552894.353
10241;AP0241;31.07.2016 11:06;31.07.2016 11:06;476723.0235;5553075.34;476845.4414;5552709.458
10242;AP0242;31.07.2016 11:06;31.07.2016 11:06;476163.4019;5553111.26;476543.0284;5552767.241
10243;AP0243;31.07.2016 11:06;31.07.2016 11:06;476292.7529;5552993.048;476499.9612;5552751.883
10244;AP0244;31.07.2016 11:08;31.07.2016 11:08;476524.5435;5552261.982;476543.1091;5552352.851
10245;AP0245;31.07.2016 11:08;31.07.2016 11:08;476237.2261;5553034.001;476748.8967;5552636.962
10246;AP0246;31.07.2016 11:08;31.07.2016 11:08;476794.1554;5552369.805;475864.9529;5553151.51
10247;AP0247;31.07.2016 11:08;31.07.2016 11:08;476637.3037;5552933.813;476679.0415;5552466.32
10248;AP0248;31.07.2016 11:08;31.07.2016 11:08;476426.091;5552284.538;476698.8464;5552282.068
10249;AP0249;31.07.2016 11:09;31.07.2016 11:09;476540.2536;5552772.559;476201.8466;5552849.416
10250;AP0250;31.07.2016 11:09;31.07.2016 11:09;476418.1018;5553009.466;476776.0611;5553179.014
10251;AP0251;31.07.2016 11:10;31.07.2016 11:10;476020.4449;5553049.709;476156.1005;5553146.103
10252;AP0252;31.07.2016 11:11;31.07.2016 11:11;476320.9694;5552784.413;476153.2489;5552631.579
10253;AP0253;31.07.2016 11:13;31.07.2016 11:13;476088.849;5553072.805;476218.118;5553007.518
10254;AP0254;31.07.2016 11:14;31.07.2016 11:14;476134.9561;5552965.813;476321.0562;5552255.763
10255;AP0255;31.07.2016 11:14;31.07.2016 11:14;476864.9304;5552600.209;476160.4119;5553129.334
10256;AP0256;31.07.2016 11:16;31.07.2016 11:16;476002.5904;5552891.937;476285.7702;5552814.494
10257;AP0257;31.07.2016 11:17;31.07.2016 11:17;476405.6553;5552515.993;476294.3047;5552801.17
10258;AP0258;31.07.2016 11:18;31.07.2016 11:18;476330.77;5552252.36;476085.6538;5552943.193
10259;AP0259;31.07.2016 11:18;31.07.2016 11:18;476702.9495;5552470.566;476298.2108;5552968.427
10260;AP0260;31.07.2016 11:20;31.07.2016 11:20;476224.934;5553009.273;476198.8372;5553180.59
10261;AP0261;31.07.2016 11:21;31.07.2016 11:21;476091.3525;5552733.493;476668.0735;5552382.069
10262;AP0262;31.07.2016 11:21;31.07.2016 11:21;476220.9714;5553008.252;476163.1364;5552732.993
10263;AP0263;31.07.2016 11:22;31.07.2016 11:22;476370.3829;5552409.704;476605.8011;5552652.336
10264;AP0264;31.07.2016 11:24;31.07.2016 11:24;476158.5832;5552649.201;476102.6686;5552863.319
10265;AP0265;31.07.2016 11:24;31.07.2016 11:24;476162.839;5553111.124;476467.1621;5552784.601
10266;AP0266;31.07.2016 11:25;31.07.2016 11:25;476610.4253;5552656.812;476282.8287;5552394.837
10267;AP0267;31.07.2016 11:28;31.07.2016 11:28;476209.7779;5552919.608;476519.269;5552812.778
10268;AP0268;31.07.2016 11:29;31.07.2016 11:29;476668.5385;5552503.604;476434.7412;5552232.467
10269;AP0269;31.07.2016 11:29;31.07.2016 11:29;476077.6149;5552982.397;476292.9348;5552803.581
10270;AP0270;31.07.2016 11:30;31.07.2016 11:30;476432.0317;5552981.64;476782.3864;5552696.176
10271;AP0271;31.07.2016 11:30;31.07.2016 11:30;476042.4348;5553296.269;476014.4773;5552833.98
10272;AP0272;31.07.2016 11:33;31.07.2016 11:33;476046.5699;5553070.999;476312.6938;5552398.892
10273;AP0273;31.07.2016 11:33;31.07.2016 11:33;476876.0517;5552602.43;476335.242;5552333.12
10274;AP0274;31.07.2016 11:34;31.07.2016 11:34;476922.2595;5552528.598;476157.724;5552780.647
10275;AP0275;31.07.2016 11:37;31.07.2016 11:37;476103.8117;5552858.438;476793.7006;5552585.985
10276;AP0276;31.07.2016 11:37;31.07.2016 11:37;476673.2944;5552671.226;475904.3259;5553287.919
10277;AP0277;31.07.2016 11:38;31.07.2016 11:38;476765.0465;5552481.646;476263.6158;5552755.836
10278;AP0278;31.07.2016 11:39;31.07.2016 11:39;476531.0956;5552460.678;476898.901;5552606.994
10279;AP0279;31.07.2016 11:40;31.07.2016 11:40;476545.14;5552442.812;476139.9031;5552801.155
10280;AP0280;31.07.2016 11:41;31.07.2016 11:41;476391.5717;5552885.533;476217.5636;5552536.626
10281;AP0281;31.07.2016 11:42;31.07.2016 11:42;476020.639;5552729.577;476533.3705;5552785.751
10282;AP0282;31.07.2016 11:43;31.07.2016 11:43;476399.0148;5552483.475;476382.0263;5552231.011
10283;AP0283;31.07.2016 11:43;31.07.2016 11:43;475988.6805;5552928.214;476869.5094;5552901.975
10284;AP0284;31.07.2016 11:43;31.07.2016 11:43;476889.6576;5552837.33;476841.0886;5552993.165
10285;AP0285;31.07.2016 11:45;31.07.2016 11:45;476721.6198;5552699.098;476071.656;5552738.031
10286;AP0286;31.07.2016 11:45;31.07.2016 11:45;476452.798;5552749.47;476099.3053;5552707.728
10287;AP0287;31.07.2016 11:46;31.07.2016 11:46;475934.0457;5552835.663;476135.2945;5552889.761
10288;AP0288;31.07.2016 11:46;31.07.2016 11:46;476226.3703;5553031.401;476697.2282;5552351.973
10289;AP0289;31.07.2016 11:47;31.07.2016 11:47;476808.2553;5552795.835;476702.1682;5552774.213
10290;AP0290;31.07.2016 11:48;31.07.2016 11:48;476185.8639;5552887.718;476697.5785;5552342.714
10291;AP0291;31.07.2016 11:48;31.07.2016 11:48;476219.7168;5552515.4;476389.266;5552227.909
10292;AP0292;31.07.2016 11:48;31.07.2016 11:48;476273.2641;5553021.726;476638.9158;5552758.824
10293;AP0293;31.07.2016 11:49;31.07.2016 11:49;476235.9027;5552236.641;476398.7461;5552450.65
10294;AP0294;31.07.2016 11:49;31.07.2016 11:49;476320.9659;5552487.59;476505.0686;5552435.7
10295;AP0295;31.07.2016 11:50;31.07.2016 11:50;476837.6652;5553028.144;476377.6173;5552411.255
10296;AP0296;31.07.2016 11:51;31.07.2016 11:51;476774.9003;5553269.772;475993.6876;5552916.505
10297;AP0297;31.07.2016 11:51;31.07.2016 11:51;476669.3681;5552559.632;476241.9162;5552774.807
10298;AP0298;31.07.2016 11:51;31.07.2016 11:51;476042.261;5552735.175;475987.5766;5552930.796
10299;AP0299;31.07.2016 11:51;31.07.2016 11:51;476026.411;5552413.351;476636.3901;5552567.005
10300;AP0300;31.07.2016 11:51;31.07.2016 11:51;476315.5836;5553277.645;476315.3279;5553285.506
10301;AP0301;31.07.2016 11:51;31.07.2016 11:51;476331.9639;5552489.149;476424.8642;5552291.923
10302;AP0302;31.07.2016 11:52;31.07.2016 11:52;476212.1301;5552809.973;476224.3746;5553030.924
10303;AP0303;31.07.2016 11:52;31.07.2016 11:52;476650.3248;5552761.352;476757.1154;5552480.23
10304;AP0304;31.07.2016 11:53;31.07.2016 11:53;476288.2429;5553013.392;476177.1487;5552802.678
10305;AP0305;31.07.2016 11:54;31.07.2016 11:54;476246.8607;5552374.083;476065.0324;5552233.996
10306;AP0306;31.07.2016 11:55;31.07.2016 11:55;476439.6796;5552712.282;476102.4824;5553096.625
10307;AP0307;31.07.2016 11:55;31.07.2016 11:55;476111.5692;5552996.923;476086.9269;5553048.43
10308;AP0308;31.07.2016 11:56;31.07.2016 11:56;476265.1808;5552834.995;476123.2681;5552940.094
10309;AP0309;31.07.2016 11:56;31.07.2016 11:56;476887.6242;5552604.741;476362.9376;5553044.235
10310;AP0310;31.07.2016 11:56;31.07.2016 11:56;476309.6727;5552877.938;476770.6886;5552482.653
10311;AP0311;31.07.2016 11:57;31.07.2016 11:57;476304.3661;5552940.661;476310.3254;5552913.78
10312;AP0312;31.07.2016 11:58;31.07.2016 11:58;476255.8235;5552335.886;476233.8009;5552470.919
10313;AP0313;31.07.2016 11:59;31.07.2016 11:59;476512.7631;5552779.47;476849.0462;5552967.632
10314;AP0314;31.07.2016 12:00;31.07.2016 12:00;476342.0844;5552301.251;476436.7866;5552220.155
10315;AP0315;31.07.2016 12:00;31.07.2016 12:00;476531.2775;5552474.571;476417.5211;5552519.843
10316;AP0316;31.07.2016 12:02;31.07.2016 12:02;475940.7054;5552795.907;476165.8426;5552800.321
10317;AP0317;31.07.2016 12:03;31.07.2016 12:03;476183.2944;5552998.076;475925.2805;5553114.384
10318;AP0318;31.07.2016 12:03;31.07.2016 12:03;476405.1849;5552514.516;476570.3224;5552360.124
10319;AP0319;31.07.2016 12:04;31.07.2016 12:04;476157.5391;5552798.589;476863.1218;5552922.47
10320;AP0320;31.07.2016 12:04;31.07.2016 12:04;476159.5643;5552799.012;476116.7081;5552978.216
10321;AP0321;31.07.2016 12:05;31.07.2016 12:05;476303.2556;5552971.386;476138.4759;5552966.694
10322;AP0322;31.07.2016 12:05;31.07.2016 12:05;476020.637;5552727.023;476006.0755;5553046.784
10323;AP0323;31.07.2016 12:06;31.07.2016 12:06;476220.1847;5553029.921;476135.702;5553225.451
10324;AP0324;31.07.2016 12:06;31.07.2016 12:06;476197.1352;5553002.112;476124.7615;5553268.01
10325;AP0325;31.07.2016 12:08;31.07.2016 12:08;476493.2145;5553129.542;476915.9232;5552560.069
10326;AP0326;31.07.2016 12:09;31.07.2016 12:09;476695.7522;5552390.988;476924.2606;5552514.109
10327;AP0327;31.07.2016 12:09;31.07.2016 12:09;476249.7697;5552791.463;476026.6161;5553295.312
10328;AP0328;31.07.2016 12:10;31.07.2016 12:10;476757.7591;5552578.741;476775.5343;5553307.8
10329;AP0329;31.07.2016 12:12;31.07.2016 12:12;476342.772;5552403.786;476017.109;5552686.812
10330;AP0330;31.07.2016 12:12;31.07.2016 12:12;476107.944;5552350.375;475924.4838;5552388.541
10331;AP0331;31.07.2016 12:14;31.07.2016 12:14;476198.222;5552578.528;476435.5882;5552699.5
10332;AP0332;31.07.2016 12:14;31.07.2016 12:14;476046.9789;5552619.949;476407.7699;5552500.63
10333;AP0333;31.07.2016 12:14;31.07.2016 12:14;476697.6581;5552267.004;476288.2331;5553013.437
10334;AP0334;31.07.2016 12:15;31.07.2016 12:15;475947.3463;5553054.81;476734.8842;5552686.17
10335;AP0335;31.07.2016 12:16;31.07.2016 12:16;476339.4063;5552315.208;476057.7853;5552334.382
10336;AP0336;31.07.2016 12:16;31.07.2016 12:16;476233.3739;5552748.106;476118.415;5552822.542
10337;AP0337;31.07.2016 12:17;31.07.2016 12:17;476060.7342;5552926.559;476083.3538;5553298.744
10338;AP0338;31.07.2016 12:18;31.07.2016 12:18;476666.02;5552373.68;475926.7665;5553102.33
10339;AP0339;31.07.2016 12:18;31.07.2016 12:18;476651.0041;5552942.052;476446.043;5552953.651
10340;AP0340;31.07.2016 12:18;31.07.2016 12:18;476350.8534;5552262.375;476017.6255;5552798.62
10341;AP0341;31.07.2016 12:19;31.07.2016 12:19;476220.3216;5553029.954;476270.8264;5552302.927
10342;AP0342;31.07.2016 12:20;31.07.2016 12:20;476710.9589;5553071.811;476909.0073;5552871.996
10343;AP0343;31.07.2016 12:20;31.07.2016 12:20;476117.6416;5552822.296;476597.7001;5552259.393
10344;AP0344;31.07.2016 12:21;31.07.2016 12:21;476102.9605;5553299.93;476534.1225;5552817.287
10345;AP0345;31.07.2016 12:21;31.07.2016 12:21;476218.7982;5553007.693;476669.7659;5552765.661
10346;AP0346;31.07.2016 12:22;31.07.2016 12:22;476096.4618;5553051.145;476894.8472;5552820.679
10347;AP0347;31.07.2016 12:22;31.07.2016 12:22;476113.4947;5552809.867;476654.5181;5552828.621
10348;AP0348;31.07.2016 12:22;31.07.2016 12:22;476182.0165;5552887.81;475932.5081;5552844.842
10349;AP0349;31.07.2016 12:23;31.07.2016 12:23;476197.1959;5552283.603;476697.8388;5552335.833
10350;AP0350;31.07.2016 12:23;31.07.2016 12:23;476065.5745;5553043.995;476617.2405;5552658.374
10351;AP0351;31.07.2016 12:25;31.07.2016 12:25;476122.9237;5552211.133;476407.0737;5552220.28
10352;AP0352;31.07.2016 12:25;31.07.2016 12:25;476732.0497;5553343.871;476786.2793;5552791.356
10353;AP0353;31.07.2016 12:26;31.07.2016 12:26;476223.8293;5553008.989;476074.7234;5553298.222
10354;AP0354;31.07.2016 12:26;31.07.2016 12:26;476566.6617;5552861.694;476158.089;5552778.215
10355;AP0355;31.07.2016 12:27;31.07.2016 12:27;476863.2746;5552713.214;476676.1924;5552519.563
10356;AP0356;31.07.2016 12:27;31.07.2016 12:27;476524.547;5552439.398;476583.2014;5552884.267
10357;AP0357;31.07.2016 12:28;31.07.2016 12:28;476314.8522;5553300.132;476281.8695;5552785.28
10358;AP0358;31.07.2016 12:28;31.07.2016 12:28;476019.4014;5552778.674;476431.5227;5552561.804
10359;AP0359;31.07.2016 12:28;31.07.2016 12:28;476903.1097;5552815.102;476200.6639;5553025.246
10360;AP0360;31.07.2016 12:29;31.07.2016 12:29;476770.5298;5552542.812;476472.023;5552798.715
10361;AP0361;31.07.2016 12:29;31.07.2016 12:29;476237.3151;5552794.77;476660.0957;5552349.475
10362;AP0362;31.07.2016 12:29;31.07.2016 12:29;476788.6321;5552697.49;476672.7546;5552766.323
10363;AP0363;31.07.2016 12:29;31.07.2016 12:29;476398.8753;5552466.431;476485.0251;5552719.698
10364;AP0364;31.07.2016 12:31;31.07.2016 12:31;476661.2243;5553236.948;476711.8869;5552408.653
10365;AP0365;31.07.2016 12:31;31.07.2016 12:31;475977.0918;5552308.654;476029.4074;5552419.427
10366;AP0366;31.07.2016 12:31;31.07.2016 12:31;476257.3145;5552241.014;476483.4102;5552517.114
10367;AP0367;31.07.2016 12:31;31.07.2016 12:31;476679.0818;5552435.888;476262.6758;5552837.016
10368;AP0368;31.07.2016 12:32;31.07.2016 12:32;476208.449;5552926.333;476139.0525;5552966.84
10369;AP0369;31.07.2016 12:32;31.07.2016 12:32;476232.8483;5553011.312;476699.5182;5552471.476
10370;AP0370;31.07.2016 12:32;31.07.2016 12:32;476712.0631;5552972.279;476308.9835;5552877.427
10371;AP0371;31.07.2016 12:33;31.07.2016 12:33;476265.5599;5552843.128;476306.3024;5552954.665
10372;AP0372;31.07.2016 12:33;31.07.2016 12:33;476200.7194;5552857.171;476188.7636;5552988.15
10373;AP0373;31.07.2016 12:33;31.07.2016 12:33;476244.5485;5553035.754;476846.4811;5552498.23
10374;AP0374;31.07.2016 12:33;31.07.2016 12:33;476015.6179;5553048.727;476743.2999;5552986.256
10375;AP0375;31.07.2016 12:34;31.07.2016 12:34;476679.5479;5552438.25;476654.3799;5552829.053
10376;AP0376;31.07.2016 12:35;31.07.2016 12:35;476072.454;5552737.847;476296.5392;5552264.353
10377;AP0377;31.07.2016 12:36;31.07.2016 12:36;476069.8895;5552738.438;476544.1363;5552830.952
10378;AP0378;31.07.2016 12:38;31.07.2016 12:38;476625.0258;5552374.742;476677.866;5552391.079
10379;AP0379;31.07.2016 12:41;31.07.2016 12:41;476336.2732;5552328.087;476665.9439;5552264.625
10380;AP0380;31.07.2016 12:42;31.07.2016 12:42;476485.9346;5552822.443;476909.1337;5552593.792
10381;AP0381;31.07.2016 12:43;31.07.2016 12:43;476655.4367;5552825.753;476676.3504;5552422.051
10382;AP0382;31.07.2016 12:43;31.07.2016 12:43;476144.8027;5552989.327;476221.4048;5552862.715
10383;AP0383;31.07.2016 12:44;31.07.2016 12:44;476143.6155;5552853.469;476196.2251;5552461.246
10384;AP0384;31.07.2016 12:44;31.07.2016 12:44;475952.5119;5553055.653;476559.2841;5552445.295
10385;AP0385;31.07.2016 12:44;31.07.2016 12:44;476098.5208;5552802.459;476658.2398;5552667.774
10386;AP0386;31.07.2016 12:44;31.07.2016 12:44;476245.3834;5553014.542;475998.5411;5552905.154
10387;AP0387;31.07.2016 12:44;31.07.2016 12:44;476463.5484;5552657.783;475979.3712;5552590.496
10388;AP0388;31.07.2016 12:44;31.07.2016 12:44;476887.3355;5552811.955;476592.1155;5553073.363
10389;AP0389;31.07.2016 12:46;31.07.2016 12:46;476280.8411;5553044.446;476025.0612;5552323.948
10390;AP0390;31.07.2016 12:46;31.07.2016 12:46;476423.8922;5552538.937;476724.8237;5553075.867
10391;AP0391;31.07.2016 12:46;31.07.2016 12:46;476886.3716;5552847.873;476178.8575;5552997.068
10392;AP0392;31.07.2016 12:47;31.07.2016 12:47;476306.1375;5552775.19;476177.2497;5552735.878
10393;AP0393;31.07.2016 12:47;31.07.2016 12:47;476571.1653;5552712.558;476680.1123;5552772.434
10394;AP0394;31.07.2016 12:47;31.07.2016 12:47;476685.7438;5552762.224;476046.1511;5552743.908
10395;AP0395;31.07.2016 12:48;31.07.2016 12:48;476464.2755;5552886.977;476274.7751;5552795.437
10396;AP0396;31.07.2016 12:48;31.07.2016 12:48;476187.2722;5553023.199;476925.2279;5552820.274
10397;AP0397;31.07.2016 12:49;31.07.2016 12:49;476704.3881;5552968.845;476354.305;5552803.93
10398;AP0398;31.07.2016 12:49;31.07.2016 12:49;476143.2247;5552855.173;476057.4656;5552272.644
10399;AP0399;31.07.2016 12:50;31.07.2016 12:50;476232.8007;5552860.623;476686.9777;5552771.117
10400;AP0400;31.07.2016 12:50;31.07.2016 12:50;476292.0405;5552996.261;476432.6731;5552690.393
10401;AP0401;31.07.2016 12:52;31.07.2016 12:52;476871.4995;5552991.599;476316.7888;5552884.624
10402;AP0402;31.07.2016 12:52;31.07.2016 12:52;476875.1379;5552979.996;476288.9955;5552810.383
10403;AP0403;31.07.2016 12:53;31.07.2016 12:53;476919.7399;5552513.186;476851.9076;5553033.844
10404;AP0404;31.07.2016 12:53;31.07.2016 12:53;475865.2182;5553141.539;476123.9342;5552984.584
10405;AP0405;31.07.2016 12:54;31.07.2016 12:54;476906.0058;5552757.27;476541.6181;5552769.945
10406;AP0406;31.07.2016 12:55;31.07.2016 12:55;475865.2561;5553140.113;475868.1421;5553031.67
10407;AP0407;31.07.2016 12:55;31.07.2016 12:55;476434.7412;5552232.467;476668.5385;5552503.604
10408;AP0408;31.07.2016 12:55;31.07.2016 12:55;476341.5766;5552315.541;476183.2894;5553178.905
10409;AP0409;31.07.2016 12:56;31.07.2016 12:56;476924.1923;5552819.149;476300.0388;5553306.117
10410;AP0410;31.07.2016 12:56;31.07.2016 12:56;475865.1607;5553216.584;476712.5881;5552714.989
10411;AP0411;31.07.2016 12:56;31.07.2016 12:56;476661.6358;5552948.447;476493.0823;5552737.06
10412;AP0412;31.07.2016 12:56;31.07.2016 12:56;476065.7962;5553074.136;476798.3175;5552368.549
10413;AP0413;31.07.2016 12:57;31.07.2016 12:57;476206.0832;5552808.712;476309.8957;5552915.718
10414;AP0414;31.07.2016 12:58;31.07.2016 12:58;476302.5969;5552773.392;475868.5266;5553017.221
10415;AP0415;31.07.2016 12:59;31.07.2016 12:59;476113.7455;5552810.512;476186.6629;5553025.525
10416;AP0416;31.07.2016 12:59;31.07.2016 12:59;476506.3062;5552765.555;476245.0988;5552760.998
10417;AP0417;31.07.2016 12:59;31.07.2016 12:59;476165.811;5552914.486;476437.1412;5552578.642
10418;AP0418;31.07.2016 13:00;31.07.2016 13:00;476762.2479;5552382.276;476136.9752;5552882.431
10419;AP0419;31.07.2016 13:00;31.07.2016 13:00;476241.08;5552857.244;476633.2087;5552551.814
10420;AP0420;31.07.2016 13:01;31.07.2016 13:01;476856.8679;5552942.535;476503.6683;5552759.871
10421;AP0421;31.07.2016 13:01;31.07.2016 13:01;476177.6608;5552576.688;476264.7672;5552793.847
10422;AP0422;31.07.2016 13:02;31.07.2016 13:02;476723.1371;5553255.471;476593.2221;5553318.112
10423;AP0423;31.07.2016 13:02;31.07.2016 13:02;476082.2478;5552948.969;476153.8203;5552905.335
10424;AP0424;31.07.2016 13:06;31.07.2016 13:06;476319.4214;5552758.023;476855.3775;5552947.318
10425;AP0425;31.07.2016 13:06;31.07.2016 13:06;476297.0879;5553005.234;476208.4983;5552926.078
10426;AP0426;31.07.2016 13:06;31.07.2016 13:06;476551.2913;5552751.406;476127.8733;5553255.905
10427;AP0427;31.07.2016 13:06;31.07.2016 13:06;476567.616;5553283.375;476617.3325;5553044.425
10428;AP0428;31.07.2016 13:06;31.07.2016 13:06;476261.4038;5552848.947;476659.4192;5552264.135
10429;AP0429;31.07.2016 13:07;31.07.2016 13:07;476679.8808;5552392.05;476191.9901;5552460.19
10430;AP0430;31.07.2016 13:07;31.07.2016 13:07;476017.843;5553049.179;475971.7386;5552676.52
10431;AP0431;31.07.2016 13:08;31.07.2016 13:08;476098.6188;5552731.818;476152.4457;5552912.438
10432;AP0432;31.07.2016 13:08;31.07.2016 13:08;475988.645;5552928.297;476674.3158;5552411.743
10433;AP0433;31.07.2016 13:08;31.07.2016 13:08;476075.5523;5552789.027;476409.0274;5553027.593
10434;AP0434;31.07.2016 13:09;31.07.2016 13:09;476909.7251;5552735.957;476630.9929;5552934.649
10435;AP0435;31.07.2016 13:10;31.07.2016 13:10;476783.8133;5552372.929;476116.781;5552806.646
10436;AP0436;31.07.2016 13:12;31.07.2016 13:12;476157.2374;5552783.888;476243.9123;5552766.146
10437;AP0437;31.07.2016 13:13;31.07.2016 13:13;476783.2508;5552499.2;476190.0357;5553012.655
10438;AP0438;31.07.2016 13:13;31.07.2016 13:13;476769.3519;5552546.851;476196.1608;5552313.194
10439;AP0439;31.07.2016 13:13;31.07.2016 13:13;475959.2969;5552224.432;476183.6117;5552372.253
10440;AP0440;31.07.2016 13:13;31.07.2016 13:13;476798.6922;5552446.261;476145.5107;5552968.458
10441;AP0441;31.07.2016 13:14;31.07.2016 13:14;476111.865;5552729.989;476292.4315;5552865.159
10442;AP0442;31.07.2016 13:14;31.07.2016 13:14;476653.481;5552533.299;476204.9113;5553026.263
10443;AP0443;31.07.2016 13:14;31.07.2016 13:14;476130.0857;5552728.451;476335.0037;5552314.447
10444;AP0444;31.07.2016 13:15;31.07.2016 13:15;476434.191;5552764.083;476142.7288;5552800.483
10445;AP0445;31.07.2016 13:15;31.07.2016 13:15;475945.8981;5553019.373;476189.2536;5552805.202
10446;AP0446;31.07.2016 13:17;31.07.2016 13:17;475942.4325;5552307.607;476155.8051;5552336.61
10447;AP0447;31.07.2016 13:17;31.07.2016 13:17;475921.8181;5553036.952;476648.2998;5552301.286
10448;AP0448;31.07.2016 13:18;31.07.2016 13:18;476792.2633;5552698.255;476058.719;5552769.741
10449;AP0449;31.07.2016 13:19;31.07.2016 13:19;476155.9497;5552364.451;476222.4465;5552488.49
10450;AP0450;31.07.2016 13:20;31.07.2016 13:20;476578.6082;5553298.777;476801.6615;5552587.575
10451;AP0451;31.07.2016 13:21;31.07.2016 13:21;475910.8243;5553159.952;476657.0211;5552336.914
10452;AP0452;31.07.2016 13:21;31.07.2016 13:21;475867.8256;5553043.56;476349.7069;5553210.582
10453;AP0453;31.07.2016 13:22;31.07.2016 13:22;476758.8764;5552584.107;476739.3822;5553168.416
10454;AP0454;31.07.2016 13:23;31.07.2016 13:23;476198.1068;5552875.146;476603.8578;5552631.165
10455;AP0455;31.07.2016 13:24;31.07.2016 13:24;476901.6708;5552782.113;476255.416;5552792.361
10456;AP0456;31.07.2016 13:24;31.07.2016 13:24;476662.5328;5552805.749;476671.2681;5553328.015
10457;AP0457;31.07.2016 13:24;31.07.2016 13:24;476419.3727;5552559.063;476528.6459;5552342.819
10458;AP0458;31.07.2016 13:24;31.07.2016 13:24;476540.8143;5552530.348;476243.269;5553013.997
10459;AP0459;31.07.2016 13:24;31.07.2016 13:24;476435.3174;5552698.655;476244.4715;5552763.72
10460;AP0460;31.07.2016 13:25;31.07.2016 13:25;475932.089;5553037.599;476570.7678;5552743.723
10461;AP0461;31.07.2016 13:27;31.07.2016 13:27;476283.4672;5552780.069;475963.1219;5552992.171
10462;AP0462;31.07.2016 13:28;31.07.2016 13:28;476791.1572;5553156.745;476381.5222;5552868.383
10463;AP0463;31.07.2016 13:29;31.07.2016 13:29;476126.2086;5552804.407;476706.2357;5552405.582
10464;AP0464;31.07.2016 13:29;31.07.2016 13:29;476246.8504;5552753.399;475918.2689;5553288.762
10465;AP0465;31.07.2016 13:29;31.07.2016 13:29;476876.4587;5552879.678;476637.3933;5552565.026
10466;AP0466;31.07.2016 13:30;31.07.2016 13:30;476405.8252;5552500.207;475865.7116;5553267.382
10467;AP0467;31.07.2016 13:30;31.07.2016 13:30;476143.0531;5552984.695;476825.708;5552799.393
10468;AP0468;31.07.2016 13:30;31.07.2016 13:30;476584.6695;5552258.391;476298.1388;5552968.752
10469;AP0469;31.07.2016 13:31;31.07.2016 13:31;476776.5952;5552582.569;476158.2507;5553110.022
10470;AP0470;31.07.2016 13:31;31.07.2016 13:31;476398.7913;5552456.174;476828.073;5552494.472
10471;AP0471;31.07.2016 13:32;31.07.2016 13:32;476106.2843;5553015.891;475876.1623;5553017.761
10472;AP0472;31.07.2016 13:33;31.07.2016 13:33;476557.9811;5552849.847;476316.1168;5552486.904
10473;AP0473;31.07.2016 13:33;31.07.2016 13:33;476284.3409;5552777.22;476288.7277;5552593.805
10474;AP0474;31.07.2016 13:35;31.07.2016 13:35;476277.8985;5553043.74;476067.8293;5552781.999
10475;AP0475;31.07.2016 13:38;31.07.2016 13:38;476724.59;5552415.556;475984.8913;5552937.076
10476;AP0476;31.07.2016 13:39;31.07.2016 13:39;476195.2876;5552994.362;476568.3072;5552446.879
10477;AP0477;31.07.2016 13:39;31.07.2016 13:39;476904.7628;5552815.419;476221.7993;5553030.307
10478;AP0478;31.07.2016 13:39;31.07.2016 13:39;476094.1745;5552900.137;476154.8296;5553151.047
10479;AP0479;31.07.2016 13:40;31.07.2016 13:40;476148.995;5553107.798;476769.5082;5552693.463
10480;AP0480;31.07.2016 13:40;31.07.2016 13:40;476658.5831;5552815.928;476453.0439;5552939.667
10481;AP0481;31.07.2016 13:41;31.07.2016 13:41;476180.0072;5552992.379;476794.2556;5552461.472
10482;AP0482;31.07.2016 13:41;31.07.2016 13:41;476322.1696;5552396.934;476482.2624;5552339.797
10483;AP0483;31.07.2016 13:42;31.07.2016 13:42;475955.2687;5552708.972;476312.3278;5552698.711
10484;AP0484;31.07.2016 13:42;31.07.2016 13:42;476064.5533;5552664.417;476289.3633;5552809.869
10485;AP0485;31.07.2016 13:42;31.07.2016 13:42;476414.8997;5552875.882;476679.783;5552672.713
10486;AP0486;31.07.2016 13:42;31.07.2016 13:42;476897.9002;5552907.412;475869.5556;5553164.336
10487;AP0487;31.07.2016 13:44;31.07.2016 13:44;476187.7017;5552992.854;476106.354;5552847.582
10488;AP0488;31.07.2016 13:44;31.07.2016 13:44;475890.1613;5553287.062;476679.3095;5552437.041
10489;AP0489;31.07.2016 13:46;31.07.2016 13:46;476889.2381;5552718.683;476237.5673;5552858.678
10490;AP0490;31.07.2016 13:46;31.07.2016 13:46;476475.1939;5552692.684;476061.309;5552943.93
10491;AP0491;31.07.2016 13:46;31.07.2016 13:46;476706.3222;5552775.06;475899.0049;5553287.597
10492;AP0492;31.07.2016 13:47;31.07.2016 13:47;476301.9371;5552978.621;476482.0884;5552713.347
10493;AP0493;31.07.2016 13:47;31.07.2016 13:47;476908.2123;5552816.082;476653.21;5552832.574
10494;AP0494;31.07.2016 13:48;31.07.2016 13:48;476795.5169;5553096.547;476833.143;5553107.555
10495;AP0495;31.07.2016 13:48;31.07.2016 13:48;476084.4428;5553073.844;476193.6982;5552806.13
10496;AP0496;31.07.2016 13:48;31.07.2016 13:48;476525.7936;5552828.841;475865.3073;5553230.103
10497;AP0497;31.07.2016 13:48;31.07.2016 13:48;476820.1596;5552591.269;476751.6606;5553264.006
10498;AP0498;31.07.2016 13:49;31.07.2016 13:49;476244.58;5552790.639;476278.6145;5552854.917
10499;AP0499;31.07.2016 13:50;31.07.2016 13:50;476631.2983;5552661.597;476246.3492;5552790.92
10500;AP0500;31.07.2016 13:50;31.07.2016 13:50;476320.5413;5552867.698;475981.686;5552678.777
10501;AP0501;31.07.2016 13:50;31.07.2016 13:50;476413.1432;5552358.503;476579.5902;5552257.999
10502;AP0502;31.07.2016 13:50;31.07.2016 13:50;476698.6484;5552296.339;476470.2924;5552677.994
10503;AP0503;31.07.2016 13:50;31.07.2016 13:50;476466.862;5552689.207;476667.3114;5552765.118
10504;AP0504;31.07.2016 13:51;31.07.2016 13:51;475865.7401;5553121.926;476301.3579;5552981.801
10505;AP0505;31.07.2016 13:51;31.07.2016 13:51;476265.7365;5553019.785;476582.1689;5552691.052
10506;AP0506;31.07.2016 13:51;31.07.2016 13:51;476134.4515;5552965.686;476098.1499;5553045.085
10507;AP0507;31.07.2016 13:52;31.07.2016 13:52;476897.6661;5552908.159;476677.7653;5552429.219
10508;AP0508;31.07.2016 13:53;31.07.2016 13:53;476609.5938;5553042.16;476066.2622;5553032.341
10509;AP0509;31.07.2016 13:54;31.07.2016 13:54;476657.5728;5553056.195;476141.2566;5552834.877
10510;AP0510;31.07.2016 13:54;31.07.2016 13:54;476471.4941;5552514.517;476304.9973;5552309.061
10511;AP0511;31.07.2016 13:54;31.07.2016 13:54;476129.1593;5552356.895;476273.0388;5552477.871
10512;AP0512;31.07.2016 13:54;31.07.2016 13:54;476839.3408;5552998.773;476850.6187;5552962.587
10513;AP0513;31.07.2016 13:54;31.07.2016 13:54;476239.501;5553013.026;476911.2694;5552511.457
10514;AP0514;31.07.2016 13:55;31.07.2016 13:55;476185.3158;5552993.484;476718.107;5552681.5
10515;AP0515;31.07.2016 13:55;31.07.2016 13:55;476444.5503;5552798.209;476500.6366;5553095.165
10516;AP0516;31.07.2016 13:56;31.07.2016 13:56;476698.6257;5552297.98;476169.2094;5552328.378
10517;AP0517;31.07.2016 13:56;31.07.2016 13:56;476092.6116;5552800.048;476629.4253;5552457.608
10518;AP0518;31.07.2016 13:57;31.07.2016 13:57;476343.4425;5553208.326;476319.2651;5552873.454
10519;AP0519;31.07.2016 13:57;31.07.2016 13:57;476855.1416;5553035.138;476166.59;5552838.726
10520;AP0520;31.07.2016 13:57;31.07.2016 13:57;475867.8413;5553042.968;476057.8823;5552768.459
10521;AP0521;31.07.2016 13:58;31.07.2016 13:58;476140.144;5552868.609;475985.9757;5552934.54
10522;AP0522;31.07.2016 13:58;31.07.2016 13:58;476571.4423;5552743.872;476430.0181;5552735.933
10523;AP0523;31.07.2016 13:58;31.07.2016 13:58;475982.8075;5552679.031;476020.6121;5552694.724
10524;AP0524;31.07.2016 13:59;31.07.2016 13:59;476226.699;5552834.643;476701.4542;5552470.299
10525;AP0525;31.07.2016 14:00;31.07.2016 14:00;476163.6169;5553116.867;476814.1312;5552387.334
10526;AP0526;31.07.2016 14:00;31.07.2016 14:00;476770.6766;5552693.708;476020.6155;5552699.205
10527;AP0527;31.07.2016 14:01;31.07.2016 14:01;476347.5651;5552246.475;476710.8414;5552448.134
10528;AP0528;31.07.2016 14:01;31.07.2016 14:01;476398.509;5552421.695;476528.3142;5552395.262
10529;AP0529;31.07.2016 14:03;31.07.2016 14:03;476450.4168;5552333.615;476337.9745;5552490
10530;AP0530;31.07.2016 14:04;31.07.2016 14:04;476190.3563;5552981.095;475867.095;5553071.014
10531;AP0531;31.07.2016 14:04;31.07.2016 14:04;476193.8204;5553001.257;476295.3722;5552981.232
10532;AP0532;31.07.2016 14:05;31.07.2016 14:05;476293.7478;5552802.15;476075.0305;5552943.039
10533;AP0533;31.07.2016 14:06;31.07.2016 14:06;476107.5338;5552842.545;476204.5332;5553026.172
10534;AP0534;31.07.2016 14:06;31.07.2016 14:06;476101.5516;5552803.609;476241.8305;5552652.091
10535;AP0535;31.07.2016 14:06;31.07.2016 14:06;476702.5902;5552403.601;476640.309;5552262.702
10536;AP0536;31.07.2016 14:07;31.07.2016 14:07;476207.3834;5552931.84;476738.7618;5552661.336
10537;AP0537;31.07.2016 14:07;31.07.2016 14:07;476067.102;5553028.647;476235.3751;5553011.963
10538;AP0538;31.07.2016 14:07;31.07.2016 14:07;476191.2866;5552999.892;476589.8634;5552676.013
10539;AP0539;31.07.2016 14:08;31.07.2016 14:08;476722.5932;5552697.384;476722.8807;5552977.12
10540;AP0540;31.07.2016 14:09;31.07.2016 14:09;476579.2017;5552881.736;476515.2901;5552524.062
10541;AP0541;31.07.2016 14:09;31.07.2016 14:09;476178.8577;5552803.035;476604.196;5552655.384
10542;AP0542;31.07.2016 14:10;31.07.2016 14:10;476763.9421;5553175.512;476233.4911;5552814.719
10543;AP0543;31.07.2016 14:10;31.07.2016 14:10;476119.5902;5552805.979;476664.6089;5552558.603
10544;AP0544;31.07.2016 14:11;31.07.2016 14:11;476398.6191;5553074.019;476606.9618;5552650.222
10545;AP0545;31.07.2016 14:11;31.07.2016 14:11;476089.4626;5552923.947;475888.9586;5553023.139
10546;AP0546;31.07.2016 14:11;31.07.2016 14:11;475902.0658;5553287.782;476572.7513;5552537.947
10547;AP0547;31.07.2016 14:12;31.07.2016 14:12;476613.123;5552639.003;476117.6996;5552972.013
10548;AP0548;31.07.2016 14:12;31.07.2016 14:12;476834.3449;5553014.803;476497.0785;5553111.644
10549;AP0549;31.07.2016 14:13;31.07.2016 14:13;476407.6111;5552388.088;476305.7134;5552957.897
10550;AP0550;31.07.2016 14:14;31.07.2016 14:14;475867.9798;5553037.764;476573.137;5552538.039
10551;AP0551;31.07.2016 14:15;31.07.2016 14:15;476661.9061;5552356.873;476260.5882;5553018.46
10552;AP0552;31.07.2016 14:15;31.07.2016 14:15;476397.3596;5552657.74;476163.6276;5552993.605
10553;AP0553;31.07.2016 14:16;31.07.2016 14:16;476297.4071;5552503.549;476660.0517;5552947.495
10554;AP0554;31.07.2016 14:16;31.07.2016 14:16;476101.5267;5553032.966;476127.785;5552728.41
10555;AP0555;31.07.2016 14:18;31.07.2016 14:18;475865.1898;5553219.267;476576.8201;5552875.558
10556;AP0556;31.07.2016 14:18;31.07.2016 14:18;476428.9134;5552267.548;476659.5715;5552264.147
10557;AP0557;31.07.2016 14:18;31.07.2016 14:18;476086.9841;5552936.471;476140.0289;5552869.111
10558;AP0558;31.07.2016 14:18;31.07.2016 14:18;476401.6081;5552872.896;476459.8442;5552766.704
10559;AP0559;31.07.2016 14:20;31.07.2016 14:20;476121.9098;5552945.673;476076.6989;5552496.082
10560;AP0560;31.07.2016 14:20;31.07.2016 14:20;476682.4449;5552265.863;475950.8911;5553012.783
10561;AP0561;31.07.2016 14:21;31.07.2016 14:21;476745.6607;5552644.745;476269.0866;5553041.63
10562;AP0562;31.07.2016 14:21;31.07.2016 14:21;476631.8523;5553048.672;476136.5858;5553222.014
10563;AP0563;31.07.2016 14:22;31.07.2016 14:22;476128.0881;5552920.486;476113.4631;5552820.968
10564;AP0564;31.07.2016 14:23;31.07.2016 14:23;475968.718;5552675.834;476418.8728;5552523.895
10565;AP0565;31.07.2016 14:23;31.07.2016 14:23;475999.6842;5552902.481;476240.6402;5552780.343
10566;AP0566;31.07.2016 14:23;31.07.2016 14:23;476410.072;5552667.288;475866.8469;5553080.336
10567;AP0567;31.07.2016 14:23;31.07.2016 14:23;476405.6885;5552447.804;476683.6785;5552562.725
10568;AP0568;31.07.2016 14:24;31.07.2016 14:24;476918.7482;5552840.936;476171.0345;5553301.837
10569;AP0569;31.07.2016 14:25;31.07.2016 14:25;476830.7503;5553025.377;476840.8441;5553029.417
10570;AP0570;31.07.2016 14:25;31.07.2016 14:25;476092.6464;5552646.541;476058.2606;5552607.509
10571;AP0571;31.07.2016 14:26;31.07.2016 14:26;476230.3836;5553088.913;476886.7814;5552846.558
10572;AP0572;31.07.2016 14:27;31.07.2016 14:27;476442.6412;5553096.187;476870.1294;5552995.968
10573;AP0573;31.07.2016 14:27;31.07.2016 14:27;476384.8567;5553049.347;476335.0878;5552857.95
10574;AP0574;31.07.2016 14:27;31.07.2016 14:27;476148.5558;5553175.451;476696.186;5552478.346
10575;AP0575;31.07.2016 14:28;31.07.2016 14:28;476211.8314;5552909.988;476397.4403;5552871.959
10576;AP0576;31.07.2016 14:29;31.07.2016 14:29;476342.0471;5552301.416;475942.5917;5552784.647
10577;AP0577;31.07.2016 14:29;31.07.2016 14:29;475960.4239;5552999.265;476708.1833;5552406.64
10578;AP0578;31.07.2016 14:31;31.07.2016 14:31;476641.6366;5553323.237;476741.4171;5552401.663
10579;AP0579;31.07.2016 14:33;31.07.2016 14:33;476198.9719;5552975.318;475931.5642;5552850.477
10580;AP0580;31.07.2016 14:33;31.07.2016 14:33;476923.9784;5552514.051;476206.5464;5552643.168
10581;AP0581;31.07.2016 14:33;31.07.2016 14:33;476170.4741;5552995.161;476721.4554;5552976.482
10582;AP0582;31.07.2016 14:33;31.07.2016 14:33;476287.4779;5552812.318;476108.2992;5552980.37
10583;AP0583;31.07.2016 14:33;31.07.2016 14:33;476657.3529;5552263.981;476168.4232;5552989.971
10584;AP0584;31.07.2016 14:33;31.07.2016 14:33;476408.9035;5552874.535;476614.1742;5552753.342
10585;AP0585;31.07.2016 14:33;31.07.2016 14:33;476662.5731;5552515.368;476154.7573;5553151.329
10586;AP0586;31.07.2016 14:34;31.07.2016 14:34;476401.0827;5552501.637;476438.8026;5552740.395
10587;AP0587;31.07.2016 14:34;31.07.2016 14:34;476188.848;5552987.776;475982.601;5552942.432
10588;AP0588;31.07.2016 14:36;31.07.2016 14:36;476410.7948;5552492.802;476606.9562;5553319.565
10589;AP0589;31.07.2016 14:36;31.07.2016 14:36;476305.9088;5552775.075;476141.5819;5552835.323
10590;AP0590;31.07.2016 14:38;31.07.2016 14:38;476682.0596;5552450.975;476065.1928;5552779.6
10591;AP0591;31.07.2016 14:39;31.07.2016 14:39;476650.0688;5552855.766;476316.9785;5552883.768
10592;AP0592;31.07.2016 14:40;31.07.2016 14:40;476302.0072;5552773.092;476083.3737;5552954.715
10593;AP0593;31.07.2016 14:41;31.07.2016 14:41;476669.4543;5552501.798;476230.1782;5553010.624
10594;AP0594;31.07.2016 14:41;31.07.2016 14:41;476513.063;5552780.115;476103.1395;5553027.177
10595;AP0595;31.07.2016 14:41;31.07.2016 14:41;476297.7814;5553001.428;476716.332;5552708.402
10596;AP0596;31.07.2016 14:41;31.07.2016 14:41;475864.7465;5553159.264;476024.8541;5552435.302
10597;AP0597;31.07.2016 14:42;31.07.2016 14:42;476005.8728;5552414.354;476229.6444;5552582.929
10598;AP0598;31.07.2016 14:44;31.07.2016 14:44;476436.7866;5552220.155;476134.4483;5552581.691
10599;AP0599;31.07.2016 14:45;31.07.2016 14:45;476832.2201;5553025.965;476581.4972;5552540.029
10600;AP0600;31.07.2016 14:45;31.07.2016 14:45;476137.6958;5552879.288;476013.4154;5552843.18
10601;AP0601;31.07.2016 14:45;31.07.2016 14:45;476865.6594;5552914.328;476007.2996;5553047.033
10602;AP0602;31.07.2016 14:45;31.07.2016 14:45;476160.734;5553128.08;476661.3096;5552354.435
10603;AP0603;31.07.2016 14:46;31.07.2016 14:46;476247.448;5552820.386;476596.6163;5552662.815
10604;AP0604;31.07.2016 14:48;31.07.2016 14:48;476652.7531;5553143.387;476496.2486;5552769.148
10605;AP0605;31.07.2016 14:50;31.07.2016 14:50;476495.7943;5553069.177;476212.7858;5553028.148
10606;AP0606;31.07.2016 14:50;31.07.2016 14:50;476120.4504;5552729.138;476902.8983;5552891.475
10607;AP0607;31.07.2016 14:50;31.07.2016 14:50;476684.2306;5552461.973;476371.8497;5552235.371
10608;AP0608;31.07.2016 14:51;31.07.2016 14:51;476698.8527;5552469.835;476244.8308;5552762.16
10609;AP0609;31.07.2016 14:52;31.07.2016 14:52;475958.4574;5553291.191;476633.0314;5552927.147
10610;AP0610;31.07.2016 14:53;31.07.2016 14:53;476579.0037;5552697.239;476113.9141;5552981.684
10611;AP0611;31.07.2016 14:53;31.07.2016 14:53;476175.871;5552905.441;475996.0754;5553293.466
10612;AP0612;31.07.2016 14:54;31.07.2016 14:54;476235.8723;5552801.03;475959.8243;5552681.78
10613;AP0613;31.07.2016 14:54;31.07.2016 14:54;476568.4862;5552359.632;476103.5662;5552730.812
10614;AP0614;31.07.2016 14:54;31.07.2016 14:54;476131.9964;5552904.146;476529.5222;5552793.126
10615;AP0615;31.07.2016 14:56;31.07.2016 14:56;476698.2874;5552322.363;476246.1963;5552756.237
10616;AP0616;31.07.2016 14:56;31.07.2016 14:56;476637.3862;5552908.902;476075.8999;5552928.176
10617;AP0617;31.07.2016 14:56;31.07.2016 14:56;476006.2643;5552875.39;476671.9672;5552265.077
10618;AP0618;31.07.2016 14:57;31.07.2016 14:57;476867.8696;5552907.236;476426.3411;5552993.007
10619;AP0619;31.07.2016 14:57;31.07.2016 14:57;476343.9061;5552798.427;475865.7029;5553266.584
10620;AP0620;31.07.2016 14:57;31.07.2016 14:57;475868.4161;5553021.374;476811.7576;5552589.591
10621;AP0621;31.07.2016 14:58;31.07.2016 14:58;476423.7966;5552298.349;476512.2088;5552778.274
10622;AP0622;31.07.2016 14:58;31.07.2016 14:58;476785.7442;5552791.247;476436.2268;5553215.436
10623;AP0623;31.07.2016 14:59;31.07.2016 14:59;476423.6498;5552998.383;476131.7556;5552986.362
10624;AP0624;31.07.2016 14:59;31.07.2016 14:59;476747.2966;5552988.044;476470.9135;5552888.468
10625;AP0625;31.07.2016 15:01;31.07.2016 15:01;475867.8614;5553042.217;476483.3427;5552716.072
10626;AP0626;31.07.2016 15:02;31.07.2016 15:02;476898.208;5552508.79;476698.2158;5552327.521
10627;AP0627;31.07.2016 15:06;31.07.2016 15:06;476245.6367;5552758.664;476698.1896;5552329.416
10628;AP0628;31.07.2016 15:07;31.07.2016 15:07;476721.5633;5553163.268;476236.4677;5552421.219
10629;AP0629;31.07.2016 15:08;31.07.2016 15:08;476504.8636;5553075.586;476877.7905;5552810.009
10630;AP0630;31.07.2016 15:09;31.07.2016 15:09;476006.3971;5552874.791;476816.4559;5552375.672
10631;AP0631;31.07.2016 15:10;31.07.2016 15:10;476896.9427;5552809.207;476242.3605;5553035.23
10632;AP0632;31.07.2016 15:12;31.07.2016 15:12;476474.1311;5552799.735;476906.8001;5552605.384
10633;AP0633;31.07.2016 15:12;31.07.2016 15:12;476195.6896;5553024.055;476128.7708;5552985.683
10634;AP0634;31.07.2016 15:13;31.07.2016 15:13;476096.5406;5552801.708;476148.6754;5552969.251
10635;AP0635;31.07.2016 15:14;31.07.2016 15:14;476487.5291;5552725.094;476883.5927;5552953.036
10636;AP0636;31.07.2016 15:15;31.07.2016 15:15;476301.1745;5552489.784;476118.4317;5553292.632
10637;AP0637;31.07.2016 15:17;31.07.2016 15:17;476230.8173;5552470.391;476350.5602;5552405.456
10638;AP0638;31.07.2016 15:19;31.07.2016 15:19;476398.9639;5552477.252;476309.4348;5552454.926
10639;AP0639;31.07.2016 15:19;31.07.2016 15:19;476704.643;5552567.257;476199.2357;5552867.379
10640;AP0640;31.07.2016 15:21;31.07.2016 15:21;476211.8659;5553173.042;476015.5077;5552822.408
10641;AP0641;31.07.2016 15:22;31.07.2016 15:22;476498.9754;5552776.566;476485.643;5552721.029
10642;AP0642;31.07.2016 15:23;31.07.2016 15:23;476059.8079;5552771.411;475933.7526;5552837.413
10643;AP0643;31.07.2016 15:23;31.07.2016 15:23;476580.9661;5552883.484;476216.878;5552810.963
10644;AP0644;31.07.2016 15:23;31.07.2016 15:23;476921.9288;5552830.794;476913.6129;5552571.544
10645;AP0645;31.07.2016 15:24;31.07.2016 15:24;476497.1389;5552745.801;476536.4735;5552779.804
10646;AP0646;31.07.2016 15:24;31.07.2016 15:24;476555.7066;5552256.162;476912.8948;5552575.112
10647;AP0647;31.07.2016 15:24;31.07.2016 15:24;476130.369;5552631.897;476078.2556;5552979.578
10648;AP0648;31.07.2016 15:26;31.07.2016 15:26;476237.5036;5552793.952;476053.8664;5552291.026
10649;AP0649;31.07.2016 15:27;31.07.2016 15:27;476301.4896;5552981.077;476877.5676;5552716.224
10650;AP0650;31.07.2016 15:28;31.07.2016 15:28;476232.4541;5553032.858;476816.2079;5553018.879
10651;AP0651;31.07.2016 15:28;31.07.2016 15:28;476505.7867;5552795.094;476242.0917;5553013.694
10652;AP0652;31.07.2016 15:29;31.07.2016 15:29;476058.4182;5553055.583;476111.3987;5552997.535
10653;AP0653;31.07.2016 15:29;31.07.2016 15:29;476836.424;5553008.132;476866.5436;5552911.491
10654;AP0654;31.07.2016 15:29;31.07.2016 15:29;476176.3962;5552903.555;476710.1134;5552407.689
10655;AP0655;31.07.2016 15:31;31.07.2016 15:31;476298.9075;5552498.068;476070.2061;5552429.521
10656;AP0656;31.07.2016 15:31;31.07.2016 15:31;476562.3641;5552741.861;475922.404;5553289.011
10657;AP0657;31.07.2016 15:31;31.07.2016 15:31;475864.789;5553157.666;476863.2866;5552921.941
10658;AP0658;31.07.2016 15:33;31.07.2016 15:33;476847.9112;5553032.245;476240.1246;5553034.695
10659;AP0659;31.07.2016 15:33;31.07.2016 15:33;476189.1167;5553022.481;476308.0351;5552876.724
10660;AP0660;31.07.2016 15:35;31.07.2016 15:35;476654.4784;5552828.745;476189.5194;5553022.577
10661;AP0661;31.07.2016 15:35;31.07.2016 15:35;476457.1795;5553215.196;476216.9368;5553150.004
10662;AP0662;31.07.2016 15:35;31.07.2016 15:35;476498.3205;5552748.347;476410.8421;5552746.278
10663;AP0663;31.07.2016 15:35;31.07.2016 15:35;476243.1093;5552584.035;476350.457;5552316.9
10664;AP0664;31.07.2016 15:36;31.07.2016 15:36;476179.889;5553053.401;476568.5458;5552717.678
10665;AP0665;31.07.2016 15:36;31.07.2016 15:36;476821.7294;5553021.35;476375.5642;5553215.35
10666;AP0666;31.07.2016 15:36;31.07.2016 15:36;476063.806;5553043.627;476788.2284;5553265.728
10667;AP0667;31.07.2016 15:37;31.07.2016 15:37;476809.9306;5552490.768;476226.7383;5553303.684
10668;AP0668;31.07.2016 15:38;31.07.2016 15:38;475938.9856;5553028.497;476069.2601;5553019.152
10669;AP0669;31.07.2016 15:38;31.07.2016 15:38;475865.8878;5553283.637;476122.9598;5552980.518
10670;AP0670;31.07.2016 15:40;31.07.2016 15:40;476912.2204;5552861.751;476200.2294;5552376.94
10671;AP0671;31.07.2016 15:42;31.07.2016 15:42;476763.1646;5553266.58;476745.6448;5552478.184
10672;AP0672;31.07.2016 15:43;31.07.2016 15:43;476241.1835;5552817.842;476143.3551;5552967.918
10673;AP0673;31.07.2016 15:43;31.07.2016 15:43;476301.1697;5552262.731;475934.8697;5552341.709
10674;AP0674;31.07.2016 15:43;31.07.2016 15:43;476117.4177;5552983.103;476649.162;5552859.565
10675;AP0675;31.07.2016 15:44;31.07.2016 15:44;476152.4841;5553160.171;476123.2218;5552805.116
10676;AP0676;31.07.2016 15:44;31.07.2016 15:44;476235.7989;5552815.656;476531.5247;5552493.446
10677;AP0677;31.07.2016 15:44;31.07.2016 15:44;475989.3391;5552926.674;476225.2997;5552842.063
10678;AP0678;31.07.2016 15:45;31.07.2016 15:45;476192.5657;5553179.911;476003.318;5552888.66
10679;AP0679;31.07.2016 15:45;31.07.2016 15:45;476408.1021;5552895.684;476179.4329;5552736.325
10680;AP0680;31.07.2016 15:45;31.07.2016 15:45;476790.9578;5552370.771;476287.4779;5552812.318
10681;AP0681;31.07.2016 15:46;31.07.2016 15:46;476548.3185;5552836.66;476766.5531;5553237.784
10682;AP0682;31.07.2016 15:46;31.07.2016 15:46;475923.3615;5553129.95;476315.3075;5552310.912
10683;AP0683;31.07.2016 15:47;31.07.2016 15:47;476245.9391;5552670.796;476224.354;5552847.078
10684;AP0684;31.07.2016 15:47;31.07.2016 15:47;476283.3848;5552479.704;476187.6877;5552317.033
10685;AP0685;31.07.2016 15:47;31.07.2016 15:47;476219.5729;5552300.429;476236.7345;5552420.038
10686;AP0686;31.07.2016 15:47;31.07.2016 15:47;476724.1344;5552571.471;476328.8488;5552253.033
10687;AP0687;31.07.2016 15:48;31.07.2016 15:48;476438.6059;5552583.032;476800.4627;5553011.833
10688;AP0688;31.07.2016 15:51;31.07.2016 15:51;476207.9801;5553026.998;476420.8641;5553003.948
10689;AP0689;31.07.2016 15:52;31.07.2016 15:52;476174.11;5553177.911;476515.5276;5552785.426
10690;AP0690;31.07.2016 15:52;31.07.2016 15:52;476121.1504;5553101.11;476135.9681;5552830.178
10691;AP0691;31.07.2016 15:52;31.07.2016 15:52;476538.1244;5552529.707;476696.3362;5552375.552
10692;AP0692;31.07.2016 15:52;31.07.2016 15:52;476041.0707;5553053.907;476196.6784;5552884.974
10693;AP0693;31.07.2016 15:53;31.07.2016 15:53;476203.3683;5552463.03;476172.8542;5552223.769
10694;AP0694;31.07.2016 15:53;31.07.2016 15:53;475867.8847;5553041.342;476846.1784;5552596.465
10695;AP0695;31.07.2016 15:55;31.07.2016 15:55;476206.3035;5553004.474;476437.1744;5552578.741
10696;AP0696;31.07.2016 15:55;31.07.2016 15:55;475975.959;5552602.782;476067.503;5553026.882
10697;AP0697;31.07.2016 15:59;31.07.2016 15:59;476180.7679;5552803.434;476117.3772;5552974.029
10698;AP0698;31.07.2016 16:00;31.07.2016 16:00;476498.5426;5552864.374;476323.5559;5552860.162
10699;AP0699;31.07.2016 16:00;31.07.2016 16:00;475895.9031;5553161.537;476241.6617;5552775.911
10700;AP0700;31.07.2016 16:01;31.07.2016 16:01;476561.0037;5552853.972;475930.2068;5553040.084
10701;AP0701;31.07.2016 16:03;31.07.2016 16:03;475968.1278;5552636.14;476086.8917;5552656.968
10702;AP0702;31.07.2016 16:03;31.07.2016 16:03;476132.136;5552357.735;475964.1689;5552304.534
10703;AP0703;31.07.2016 16:03;31.07.2016 16:03;476202.6282;5552956.42;476081.3305;5552341.89
10704;AP0704;31.07.2016 16:03;31.07.2016 16:03;476277.5219;5552576.207;476020.6634;5552761.108
10705;AP0705;31.07.2016 16:04;31.07.2016 16:04;476466.1231;5552798.441;475926.5535;5553104.058
10706;AP0706;31.07.2016 16:06;31.07.2016 16:06;476531.5718;5552497.046;476175.578;5552802.351
10707;AP0707;31.07.2016 16:06;31.07.2016 16:06;476698.837;5552282.744;476707.9477;5552970.438
10708;AP0708;31.07.2016 16:07;31.07.2016 16:07;476649.8388;5552846.036;476271.5653;5552829.844
10709;AP0709;31.07.2016 16:08;31.07.2016 16:08;476073.2076;5552786.894;476567.3918;5552742.975
10710;AP0710;31.07.2016 16:12;31.07.2016 16:12;476162.1508;5552972.628;476168.1982;5552974.144
10711;AP0711;31.07.2016 16:12;31.07.2016 16:12;476906.6049;5552606.353;476155.1511;5552798.092
10712;AP0712;31.07.2016 16:13;31.07.2016 16:13;476663.0576;5552463.513;476192.4852;5552307.755
10713;AP0713;31.07.2016 16:14;31.07.2016 16:14;476856.9149;5552598.608;476223.6843;5553008.952
10714;AP0714;31.07.2016 16:14;31.07.2016 16:14;476279.6678;5553023.375;475964.1515;5552989.463
10715;AP0715;31.07.2016 16:14;31.07.2016 16:14;476233.8639;5552809.744;476674.2255;5552411.286
10716;AP0716;31.07.2016 16:14;31.07.2016 16:14;476035.0378;5552399.449;476715.643;5552438.235
10717;AP0717;31.07.2016 16:14;31.07.2016 16:14;476300.7059;5552957.172;476082.0881;5552735.627
10718;AP0718;31.07.2016 16:15;31.07.2016 16:15;476307.2069;5552775.734;476909.7;5552736.101
10719;AP0719;31.07.2016 16:15;31.07.2016 16:15;476186.5458;5553025.971;476140.9617;5552834.473
10720;AP0720;31.07.2016 16:16;31.07.2016 16:16;476117.4664;5552973.472;476696.2142;5552378.776
10721;AP0721;31.07.2016 16:19;31.07.2016 16:19;476557.2487;5552740.727;476093.4064;5552653.713
10722;AP0722;31.07.2016 16:21;31.07.2016 16:21;476649.2106;5552305.006;476099.3543;5553040.762
10723;AP0723;31.07.2016 16:22;31.07.2016 16:22;476129.6433;5552914.159;475919.9785;5553288.865
10724;AP0724;31.07.2016 16:24;31.07.2016 16:24;475986.9941;5552679.981;476859.3474;5552712.386
10725;AP0725;31.07.2016 16:24;31.07.2016 16:24;476144.9658;5553106.831;476205.5951;5552741.673
10726;AP0726;31.07.2016 16:25;31.07.2016 16:25;476647.1848;5552545.717;476221.1483;5552864.076
10727;AP0727;31.07.2016 16:28;31.07.2016 16:28;476695.94;5552565.375;476106.7502;5552805.581
10728;AP0728;31.07.2016 16:29;31.07.2016 16:29;476465.62;5552780.829;476192.9357;5553023.395
10729;AP0729;31.07.2016 16:29;31.07.2016 16:29;476253.8798;5552240.312;476239.1969;5552237.314
10730;AP0730;31.07.2016 16:32;31.07.2016 16:32;476566.3955;5552721.881;476128.1004;5552728.38
10731;AP0731;31.07.2016 16:34;31.07.2016 16:34;476494.5561;5553123.328;476861.0639;5552599.438
10732;AP0732;31.07.2016 16:35;31.07.2016 16:35;476223.6975;5552476.159;476472.2948;5552429.478
10733;AP0733;31.07.2016 16:36;31.07.2016 16:36;476126.0411;5552963.579;476465.613;5552663.971
10734;AP0734;31.07.2016 16:36;31.07.2016 16:36;476924.9896;5552821.034;475961.3604;5552996.802
10735;AP0735;31.07.2016 16:37;31.07.2016 16:37;476419.994;5552419.549;476413.4374;5552540.427
10736;AP0736;31.07.2016 16:39;31.07.2016 16:39;476638.3782;5552758.705;475865.3631;5553235.242
10737;AP0737;31.07.2016 16:39;31.07.2016 16:39;476453.8233;5552628.637;476280.6683;5553023.633
10738;AP0738;31.07.2016 16:40;31.07.2016 16:40;476245.7114;5552751.004;475924.4107;5553038.042
10739;AP0739;31.07.2016 16:41;31.07.2016 16:41;476456.1396;5552511.171;476806.8061;5553014.672
10740;AP0740;31.07.2016 16:41;31.07.2016 16:41;476311.2003;5552310.174;476392.7258;5552817.503
10741;AP0741;31.07.2016 16:41;31.07.2016 16:41;476467.5717;5552513.663;476228.9716;5552470.063
10742;AP0742;31.07.2016 16:42;31.07.2016 16:42;476633.369;5553322.361;476689.2644;5552756.03
10743;AP0743;31.07.2016 16:43;31.07.2016 16:43;476077.8707;5552736.599;476531.2224;5552470.365
10744;AP0744;31.07.2016 16:46;31.07.2016 16:46;476793.9198;5552487.5;476146.3968;5552968.68
10745;AP0745;31.07.2016 16:47;31.07.2016 16:47;476242.1932;5553035.191;476171.5447;5553086.913
10746;AP0746;31.07.2016 16:48;31.07.2016 16:48;476217.1215;5552540.986;476248.5821;5552239.23
10747;AP0747;31.07.2016 16:50;31.07.2016 16:50;476678.7596;5552265.586;476905.4593;5552760.401
10748;AP0748;31.07.2016 16:51;31.07.2016 16:51;476124.9182;5552804.714;476911.8067;5552580.516
10749;AP0749;31.07.2016 16:51;31.07.2016 16:51;476174.0784;5552455.718;476437.3135;5552216.982
10750;AP0750;31.07.2016 16:52;31.07.2016 16:52;476255.2338;5553304.629;476741.7547;5553318.835
10751;AP0751;31.07.2016 16:53;31.07.2016 16:53;476361.1096;5552407.717;475928.0449;5552372.483
10752;AP0752;31.07.2016 16:55;31.07.2016 16:55;476772.0189;5552376.491;476408.2952;5552470.774
10753;AP0753;31.07.2016 16:55;31.07.2016 16:55;476010.1982;5552484.322;476017.6029;5553066.272
10754;AP0754;31.07.2016 16:57;31.07.2016 16:57;475881.8708;5553020.16;476863.8218;5552713.33
10755;AP0755;31.07.2016 16:57;31.07.2016 16:57;476788.8616;5552371.404;476200.5048;5553002.98
10756;AP0756;31.07.2016 16:59;31.07.2016 16:59;476451.4701;5552746.223;476756.5292;5552480.126
10757;AP0757;31.07.2016 17:01;31.07.2016 17:01;476211.1855;5552913.013;476134.0111;5553232.029
10758;AP0758;31.07.2016 17:02;31.07.2016 17:02;476760.7733;5553265.929;476658.2646;5553056.397
10759;AP0759;31.07.2016 17:02;31.07.2016 17:02;476620.3382;5553134.022;476206.3887;5553181.409
10760;AP0760;31.07.2016 17:04;31.07.2016 17:04;476214.0913;5552899.401;476265.8079;5552843.538
10761;AP0761;31.07.2016 17:05;31.07.2016 17:05;476171.3034;5552734.662;476087.1667;5552935.549
10762;AP0762;31.07.2016 17:05;31.07.2016 17:05;476785.9689;5553273.217;476877.8649;5552875.166
10763;AP0763;31.07.2016 17:05;31.07.2016 17:05;476069.134;5552783.186;476242.0052;5552774.42
10764;AP0764;31.07.2016 17:06;31.07.2016 17:06;476256.2046;5552829.482;476158.2073;5552798.729
10765;AP0765;31.07.2016 17:06;31.07.2016 17:06;476416.0796;5552342.802;476423.7935;5552538.641
10766;AP0766;31.07.2016 17:06;31.07.2016 17:06;476749.7437;5552633.94;476423.2771;5553213.887
10767;AP0767;31.07.2016 17:06;31.07.2016 17:06;476151.3039;5552730.943;476730.5288;5552980.541
10768;AP0768;31.07.2016 17:08;31.07.2016 17:08;476112.0559;5552995.176;476198.6773;5553024.77
10769;AP0769;31.07.2016 17:10;31.07.2016 17:10;476301.281;5552982.222;476119.3853;5552961.467
10770;AP0770;31.07.2016 17:11;31.07.2016 17:11;476700.4092;5552469.64;476076.8324;5553046.334
10771;AP0771;31.07.2016 17:12;31.07.2016 17:12;476146.0334;5553185.264;476775.559;5552789.171
10772;AP0772;31.07.2016 17:12;31.07.2016 17:12;476749.0072;5552636.697;476661.1851;5553145.823
10773;AP0773;31.07.2016 17:13;31.07.2016 17:13;476569.3308;5553240.701;476665.4187;5553147.046
10774;AP0774;31.07.2016 17:14;31.07.2016 17:14;476524.4971;5552253.761;476411.265;5553023.123
10775;AP0775;31.07.2016 17:15;31.07.2016 17:15;476736.8646;5552665.898;476245.3014;5552855.52
10776;AP0776;31.07.2016 17:17;31.07.2016 17:17;476674.0697;5552560.647;476166.4839;5552800.455
10777;AP0777;31.07.2016 17:17;31.07.2016 17:17;476089.2437;5552443.799;476441.9101;5552719.251
10778;AP0778;31.07.2016 17:18;31.07.2016 17:18;476455.4322;5552934.896;476097.9298;5552883.553
10779;AP0779;31.07.2016 17:19;31.07.2016 17:19;476510.3469;5552774.262;476741.2055;5552477.392
10780;AP0780;31.07.2016 17:20;31.07.2016 17:20;476710.1793;5552719.228;476307.9441;5552876.657
10781;AP0781;31.07.2016 17:20;31.07.2016 17:20;476004.7286;5552684.004;476837.9622;5552707.881
10782;AP0782;31.07.2016 17:21;31.07.2016 17:21;476128.5098;5552918.771;476681.7974;5552958.737
10783;AP0783;31.07.2016 17:22;31.07.2016 17:22;476172.8519;5552995.702;476608.0887;5552656.276
10784;AP0784;31.07.2016 17:23;31.07.2016 17:23;476086.4364;5552939.239;476413.7036;5552508.403
10785;AP0785;31.07.2016 17:24;31.07.2016 17:24;476063.4032;5552944.434;475878.1437;5553018.594
10786;AP0786;31.07.2016 17:24;31.07.2016 17:24;476197.2067;5552739.958;476618.558;5552602.174
10787;AP0787;31.07.2016 17:25;31.07.2016 17:25;476197.3711;5552983.592;476006.368;5552414.462
10788;AP0788;31.07.2016 17:25;31.07.2016 17:25;476110.0716;5553002.297;476663.8861;5552512.78
10789;AP0789;31.07.2016 17:25;31.07.2016 17:25;476099.1182;5552205.11;476316.3152;5552311.093
10790;AP0790;31.07.2016 17:27;31.07.2016 17:27;476084.3565;5552382.969;476878.5759;5552602.934
10791;AP0791;31.07.2016 17:28;31.07.2016 17:28;476680.0647;5552466.499;476270.8755;5552794.817
10792;AP0792;31.07.2016 17:29;31.07.2016 17:29;476544.8375;5552353.314;476632.0397;5552575.585
10793;AP0793;31.07.2016 17:29;31.07.2016 17:29;476822.7401;5552798.788;476699.5788;5552677.252
10794;AP0794;31.07.2016 17:30;31.07.2016 17:30;476118.0204;5553100.358;476035.0792;5553069.124
10795;AP0795;31.07.2016 17:31;31.07.2016 17:31;475866.5055;5553093.162;476590.6209;5552748.122
10796;AP0796;31.07.2016 17:33;31.07.2016 17:33;476236.2656;5552799.323;476349.2281;5553155.882
10797;AP0797;31.07.2016 17:33;31.07.2016 17:33;476595.2899;5552650.629;476298.0493;5552969.155
10798;AP0798;31.07.2016 17:34;31.07.2016 17:34;476664.0099;5552802.951;476524.0149;5552827.08
10799;AP0799;31.07.2016 17:34;31.07.2016 17:34;476152.796;5552798.094;476701.1756;5552566.508
10800;AP0800;31.07.2016 17:34;31.07.2016 17:34;476533.0258;5552786.412;476141.1027;5552834.667
10801;AP0801;31.07.2016 17:34;31.07.2016 17:34;476469.4284;5553215.056;476058.5346;5552938.734
10802;AP0802;31.07.2016 17:35;31.07.2016 17:35;476014.8974;5552829.262;476036.5104;5552672.285
10803;AP0803;31.07.2016 17:36;31.07.2016 17:36;476450.7775;5552804.913;475997.824;5552315.265
10804;AP0804;31.07.2016 17:37;31.07.2016 17:37;475864.7839;5553181.831;476311.1501;5552879.033
10805;AP0805;31.07.2016 17:37;31.07.2016 17:37;476060.4456;5552740.614;476633.5773;5552601.756
10806;AP0806;31.07.2016 17:37;31.07.2016 17:37;476673.0324;5552465.264;476575.4104;5552877.97
10807;AP0807;31.07.2016 17:38;31.07.2016 17:38;476199.0645;5553180.615;476724.7151;5553343.649
10808;AP0808;31.07.2016 17:38;31.07.2016 17:38;476769.5715;5552998.011;476295.78;5552671.66
10809;AP0809;31.07.2016 17:39;31.07.2016 17:39;476701.472;5552402.993;475936.0295;5553032.399
10810;AP0810;31.07.2016 17:40;31.07.2016 17:40;476282.3978;5552783.556;476158.2572;5552636.429
10811;AP0811;31.07.2016 17:41;31.07.2016 17:41;476075.9577;5553046.152;475898.3591;5553027.091
10812;AP0812;31.07.2016 17:42;31.07.2016 17:42;476297.711;5553001.814;476086.2625;5552940.117
10813;AP0813;31.07.2016 17:43;31.07.2016 17:43;476624.6636;5552590.132;476258.1046;5552850.294
10814;AP0814;31.07.2016 17:44;31.07.2016 17:44;476651.5672;5552837.051;476035.3927;5553069.176
10815;AP0815;31.07.2016 17:47;31.07.2016 17:47;476508.7107;5552770.737;476638.7962;5552902.994
10816;AP0816;31.07.2016 17:48;31.07.2016 17:48;476520.4228;5552795.975;476419.6983;5552503.23
10817;AP0817;31.07.2016 17:49;31.07.2016 17:49;476203.9657;5552741.34;476574.3644;5552706.306
10818;AP0818;31.07.2016 17:50;31.07.2016 17:50;476568.8858;5553251.776;476229.5433;5553032.162
10819;AP0819;31.07.2016 17:50;31.07.2016 17:50;476840.3292;5552995.601;476182.5081;5552736.953
10820;AP0820;31.07.2016 17:50;31.07.2016 17:50;476125.1562;5553102.072;476718.9972;5552412.517
10821;AP0821;31.07.2016 17:52;31.07.2016 17:52;475923.7393;5553126.885;476088.6448;5552928.079
10822;AP0822;31.07.2016 17:53;31.07.2016 17:53;476731.2076;5552475.608;476285.4132;5552547.373
10823;AP0823;31.07.2016 17:53;31.07.2016 17:53;476158.178;5553138.023;476832.2149;5552593.676
10824;AP0824;31.07.2016 17:53;31.07.2016 17:53;476005.6938;5552499.388;476081.7704;5552962.818
10825;AP0825;31.07.2016 17:53;31.07.2016 17:53;476054.5512;5552763.334;476403.0453;5552507.799
10826;AP0826;31.07.2016 17:54;31.07.2016 17:54;476235.6788;5552748.647;475926.8092;5553101.984
10827;AP0827;31.07.2016 17:54;31.07.2016 17:54;476269.395;5553041.705;476568.1853;5552536.861
10828;AP0828;31.07.2016 17:55;31.07.2016 17:55;476069.2471;5552527.139;476221.2146;5552500.634
10829;AP0829;31.07.2016 17:55;31.07.2016 17:55;476864.687;5552917.447;476342.1227;5553171.266
10830;AP0830;31.07.2016 17:56;31.07.2016 17:56;476502.6057;5552757.581;476201.5533;5552851.433
10831;AP0831;31.07.2016 17:57;31.07.2016 17:57;476407.0575;5552459.868;476516.6473;5552787.839
10832;AP0832;31.07.2016 17:58;31.07.2016 17:58;476169.7558;5552801.137;476136.9103;5552729.253
10833;AP0833;31.07.2016 17:58;31.07.2016 17:58;475982.3496;5553292.636;476225.4061;5552841.499
10834;AP0834;31.07.2016 18:03;31.07.2016 18:03;476183.406;5553178.918;476652.9381;5552833.315
10835;AP0835;31.07.2016 18:06;31.07.2016 18:06;476278.9553;5552855.17;476909.0931;5552593.994
10836;AP0836;31.07.2016 18:06;31.07.2016 18:06;476122.0522;5552980.328;476142.9614;5552800.429
10837;AP0837;31.07.2016 18:06;31.07.2016 18:06;476674.0713;5552410.505;476162.8345;5553119.909
10838;AP0838;31.07.2016 18:07;31.07.2016 18:07;476661.018;5552264.255;476163.8566;5552989.021
10839;AP0839;31.07.2016 18:07;31.07.2016 18:07;476624.8601;5552617.63;476550.9964;5552840.315
10840;AP0840;31.07.2016 18:07;31.07.2016 18:07;476080.0494;5552591.512;475936.2783;5552822.336
10841;AP0841;31.07.2016 18:07;31.07.2016 18:07;476068.4519;5552429.067;476092.0861;5552203.33
10842;AP0842;31.07.2016 18:10;31.07.2016 18:10;476080.2924;5553080.765;476450.052;5552617.335
10843;AP0843;31.07.2016 18:11;31.07.2016 18:11;476308.633;5552953.781;476673.2067;5552525.718
10844;AP0844;31.07.2016 18:13;31.07.2016 18:13;476172.805;5552840.372;476675.7073;5552671.779
10845;AP0845;31.07.2016 18:13;31.07.2016 18:13;476769.1718;5552693.391;476227.9343;5552660.406
10846;AP0846;31.07.2016 18:15;31.07.2016 18:15;476051.4451;5552332.36;476145.4612;5552342.961
10847;AP0847;31.07.2016 18:15;31.07.2016 18:15;476199.088;5553002.615;476197.2908;5552984.007
10848;AP0848;31.07.2016 18:15;31.07.2016 18:15;476314.8445;5553300.368;476246.9821;5552473.254
10849;AP0849;31.07.2016 18:16;31.07.2016 18:16;475868.3587;5553164.463;475865.2739;5553139.445
10850;AP0850;31.07.2016 18:16;31.07.2016 18:16;476354.0604;5552704.031;476230.3656;5552470.311
10851;AP0851;31.07.2016 18:18;31.07.2016 18:18;475865.8391;5553279.146;476665.7042;5552509.194
10852;AP0852;31.07.2016 18:19;31.07.2016 18:19;476134.8568;5552829.468;476170.3548;5552990.373
10853;AP0853;31.07.2016 18:19;31.07.2016 18:19;476467.2532;5552690.271;476287.7637;5552861.699
10854;AP0854;31.07.2016 18:20;31.07.2016 18:20;476089.5958;5552923.274;476679.6541;5552512.427
10855;AP0855;31.07.2016 18:20;31.07.2016 18:20;475951.6067;5553290.776;476277.6456;5552761.415
10856;AP0856;31.07.2016 18:20;31.07.2016 18:20;476304.2774;5552308.932;476048.0838;5552664.921
10857;AP0857;31.07.2016 18:21;31.07.2016 18:21;476653.7071;5552831.154;476543.5248;5552442.529
10858;AP0858;31.07.2016 18:22;31.07.2016 18:22;476325.6604;5552254.15;476012.6823;5552846.483
10859;AP0859;31.07.2016 18:23;31.07.2016 18:23;476566.5747;5552536.478;476309.6727;5552877.938
10860;AP0860;31.07.2016 18:24;31.07.2016 18:24;476241.63;5552857.019;476085.3722;5553073.625
10861;AP0861;31.07.2016 18:24;31.07.2016 18:24;476783.341;5552583.916;476312.7661;5552436.86
10862;AP0862;31.07.2016 18:25;31.07.2016 18:25;476795.6043;5553009.659;476715.1304;5553161.409
10863;AP0863;31.07.2016 18:26;31.07.2016 18:26;476503.9085;5553080.01;476187.2679;5553302.375
10864;AP0864;31.07.2016 18:26;31.07.2016 18:26;476315.5987;5553277.179;476580.4724;5553161.684
10865;AP0865;31.07.2016 18:27;31.07.2016 18:27;475870.1829;5553164.27;476713.2578;5552972.814
10866;AP0866;31.07.2016 18:28;31.07.2016 18:28;476065.4219;5552779.809;476080.9535;5552966.945
10867;AP0867;31.07.2016 18:32;31.07.2016 18:32;476617.7621;5552630.555;476006.8871;5553046.949
10868;AP0868;31.07.2016 18:33;31.07.2016 18:33;476687.4921;5552467.808;476317.7649;5552880.221
10869;AP0869;31.07.2016 18:34;31.07.2016 18:34;476434.3858;5552749.626;476917.8634;5552817.933
10870;AP0870;31.07.2016 18:38;31.07.2016 18:38;476070.9061;5553011.911;476580.4606;5552694.391
10871;AP0871;31.07.2016 18:39;31.07.2016 18:39;476775.4735;5552525.863;476031.5638;5553295.611
10872;AP0872;31.07.2016 18:45;31.07.2016 18:45;476521.2585;5552797.776;476179.4811;5552992.27
10873;AP0873;31.07.2016 18:46;31.07.2016 18:46;476698.3977;5552314.413;475922.0595;5553140.511
10874;AP0874;31.07.2016 18:48;31.07.2016 18:48;476656.6389;5552559.762;476058.3968;5553055.636
10875;AP0875;31.07.2016 18:49;31.07.2016 18:49;476390.9924;5552888.197;476155.6576;5552794.414
10876;AP0876;31.07.2016 18:51;31.07.2016 18:51;476106.7882;5552367.832;475927.4871;5552874.816
10877;AP0877;31.07.2016 18:51;31.07.2016 18:51;475887.7294;5553162.406;476489.3997;5552729.124
10878;AP0878;31.07.2016 18:53;31.07.2016 18:53;476122.9989;5553300.244;476156.2866;5553109.55
10879;AP0879;31.07.2016 18:54;31.07.2016 18:54;476399.0299;5552658.995;475953.7242;5553009.043
10880;AP0880;31.07.2016 18:55;31.07.2016 18:55;476688.6407;5552266.328;476824.6525;5552493.773
10881;AP0881;31.07.2016 18:56;31.07.2016 18:56;476398.8713;5552496.156;476488.7055;5553152.555
10882;AP0882;31.07.2016 18:56;31.07.2016 18:56;476765.5123;5552692.621;476140.4259;5553207.076
10883;AP0883;31.07.2016 18:57;31.07.2016 18:57;476126.1233;5553262.712;476687.6897;5552563.592
10884;AP0884;31.07.2016 18:59;31.07.2016 18:59;476369.9604;5552319.886;476200.2066;5552268.167
10885;AP0885;31.07.2016 18:59;31.07.2016 18:59;476322.4477;5552255.276;476220.8186;5552233.561
10886;AP0886;31.07.2016 19:00;31.07.2016 19:00;476405.25;5552400.714;476639.5182;5552560.836
10887;AP0887;31.07.2016 19:01;31.07.2016 19:01;476618.7688;5552754.36;476293.1583;5552991.219
10888;AP0888;31.07.2016 19:01;31.07.2016 19:01;476056.2673;5552741.577;476076.4035;5552658.233
10889;AP0889;31.07.2016 19:03;31.07.2016 19:03;476126.9009;5552925.316;475959.0252;5552686.549
10890;AP0890;31.07.2016 19:04;31.07.2016 19:04;476522.1234;5552807.307;476238.3312;5552584.063
10891;AP0891;31.07.2016 19:04;31.07.2016 19:04;476211.9262;5552909.544;476760.7774;5552994.077
10892;AP0892;31.07.2016 19:05;31.07.2016 19:05;476049.8721;5552331.859;476324.574;5552488.101
10893;AP0893;31.07.2016 19:05;31.07.2016 19:05;476175.3712;5553178.048;476488.1119;5552865.864
10894;AP0894;31.07.2016 19:08;31.07.2016 19:08;476360.7656;5553154.734;476637.2804;5552909.345
10895;AP0895;31.07.2016 19:08;31.07.2016 19:08;476625.6775;5552926.82;476494.8315;5552740.829
10896;AP0896;31.07.2016 19:09;31.07.2016 19:09;476210.1507;5553005.465;476133.3604;5552728.835
10897;AP0897;31.07.2016 19:10;31.07.2016 19:10;476510.0297;5552806.637;476535.6978;5552819.437
10898;AP0898;31.07.2016 19:12;31.07.2016 19:12;476489.0812;5552806.969;476461.8742;5552652.765
10899;AP0899;31.07.2016 19:12;31.07.2016 19:12;476592.3557;5552366.011;476306.4285;5552398.041
10900;AP0900;31.07.2016 19:15;31.07.2016 19:15;476101.9328;5552866.461;476074.7544;5552788.301
10901;AP0901;31.07.2016 19:16;31.07.2016 19:16;476252.6717;5552852.512;476197.4135;5552740
10902;AP0902;31.07.2016 19:18;31.07.2016 19:18;476677.4128;5552265.486;476420.9376;5552563.976
10903;AP0903;31.07.2016 19:18;31.07.2016 19:18;476413.3819;5552217.577;476388.2203;5552413.527
10904;AP0904;31.07.2016 19:18;31.07.2016 19:18;476059.2734;5552934.644;476104.2811;5553023.08
10905;AP0905;31.07.2016 19:21;31.07.2016 19:21;476118.2554;5552968.536;475987.3061;5552931.428
10906;AP0906;31.07.2016 19:21;31.07.2016 19:21;476291.7632;5552997.512;476894.4622;5552606.107
10907;AP0907;31.07.2016 19:21;31.07.2016 19:21;476875.8755;5552977.644;476312.4584;5552769.574
10908;AP0908;31.07.2016 19:22;31.07.2016 19:22;476310.3825;5552913.522;475865.7197;5553268.137
10909;AP0909;31.07.2016 19:23;31.07.2016 19:23;476434.8123;5552602.024;476171.0827;5552995.3
10910;AP0910;31.07.2016 19:24;31.07.2016 19:24;476545.1267;5552763.22;476441.7485;5552881.915
10911;AP0911;31.07.2016 19:25;31.07.2016 19:25;476147.5671;5552730.504;476096.3326;5552890.373
10912;AP0912;31.07.2016 19:26;31.07.2016 19:26;476063.097;5553043.85;476488.8377;5552727.913
10913;AP0913;31.07.2016 19:26;31.07.2016 19:26;475985.9162;5552934.679;476629.5449;5552551.022
10914;AP0914;31.07.2016 19:30;31.07.2016 19:30;476007.7581;5552868.661;476115.678;5552815.477
10915;AP0915;31.07.2016 19:31;31.07.2016 19:31;476445.8592;5552632.075;476373.7668;5552866.64
10916;AP0916;31.07.2016 19:34;31.07.2016 19:34;476438.4182;5552785.437;476383.6051;5553081.455
10917;AP0917;31.07.2016 19:43;31.07.2016 19:43;476583.7417;5553118.325;476420.9568;5552747.292
10918;AP0918;31.07.2016 19:43;31.07.2016 19:43;476678.5453;5552775.405;476291.6782;5552997.896
10919;AP0919;31.07.2016 19:43;31.07.2016 19:43;476020.6583;5552754.467;476289.75;5552531.527
10920;AP0920;31.07.2016 19:47;31.07.2016 19:47;476081.4455;5553047.292;476131.4457;5552728.61
10921;AP0921;31.07.2016 19:48;31.07.2016 19:48;476744.4156;5552688.177;476807.5914;5553015.023
10922;AP0922;31.07.2016 19:48;31.07.2016 19:48;476224.0126;5552473.051;476679.0613;5552513.648
10923;AP0923;31.07.2016 19:51;31.07.2016 19:51;476694.0138;5553066.854;475940.6254;5552796.385
10924;AP0924;31.07.2016 19:54;31.07.2016 19:54;475962.9176;5552205.791;476044.139;5552422.782
10925;AP0925;31.07.2016 19:54;31.07.2016 19:54;476853.2419;5552954.169;476060.9513;5552925.473
10926;AP0926;31.07.2016 19:57;31.07.2016 19:57;476257.686;5553038.9;476086.5415;5553073.349
10927;AP0927;31.07.2016 20:04;31.07.2016 20:04;476276.6184;5553043.434;476104.347;5552979.445
10928;AP0928;31.07.2016 20:08;31.07.2016 20:08;476434.6487;5552233.023;476045.4404;5552334.663
10929;AP0929;31.07.2016 20:11;31.07.2016 20:11;476455.5124;5552934.736;476885.933;5552849.28
10930;AP0930;31.07.2016 20:11;31.07.2016 20:11;476298.179;5552500.728;475959.2301;5552224.776
10931;AP0931;31.07.2016 20:13;31.07.2016 20:13;476199.4333;5553024.951;476132.6037;5552728.746
10932;AP0932;31.07.2016 20:13;31.07.2016 20:13;476190.2975;5553011.656;476599.8115;5552750.159
10933;AP0933;31.07.2016 20:14;31.07.2016 20:14;476145.5107;5552968.458;476618.7688;5552754.36
10934;AP0934;31.07.2016 20:19;31.07.2016 20:19;476659.7474;5552812.292;475983.8209;5552939.579
10935;AP0935;31.07.2016 20:21;31.07.2016 20:21;476461.3755;5552886.325;476489.2159;5552728.729
10936;AP0936;31.07.2016 20:23;31.07.2016 20:23;476290.5361;5553003.048;476522.2408;5552807.082
10937;AP0937;31.07.2016 20:24;31.07.2016 20:24;476831.7166;5552593.576;476406.773;5552457.36
10938;AP0938;31.07.2016 20:24;31.07.2016 20:24;476719.6453;5553162.714;476214.0091;5552899.786
10939;AP0939;31.07.2016 20:25;31.07.2016 20:25;476603.3066;5552259.825;476331.6708;5552350.553
10940;AP0940;31.07.2016 20:25;31.07.2016 20:25;476293.0357;5552481.414;476266.3787;5552283.688
10941;AP0941;31.07.2016 20:26;31.07.2016 20:26;476385.002;5552655.932;476235.0315;5552804.677
10942;AP0942;31.07.2016 20:29;31.07.2016 20:29;476487.0919;5552340.734;476527.313;5552316.553
10943;AP0943;31.07.2016 20:31;31.07.2016 20:31;476140.3927;5552867.525;476087.3781;5552654.001
10944;AP0944;31.07.2016 20:31;31.07.2016 20:31;476196.6207;5553001.978;476689.5347;5552468.172
10945;AP0945;31.07.2016 20:35;31.07.2016 20:35;476208.444;5553005.025;475867.5955;5553052.206
10946;AP0946;31.07.2016 20:36;31.07.2016 20:36;476688.7603;5552493.654;476227.4021;5552746.703
10947;AP0947;31.07.2016 20:37;31.07.2016 20:37;476451.322;5552745.86;476882.308;5552860.91
10948;AP0948;31.07.2016 20:38;31.07.2016 20:38;476199.7794;5553025.034;476177.2125;5552976.403
10949;AP0949;31.07.2016 20:40;31.07.2016 20:40;476659.7519;5552812.278;476307.5697;5553262.276
10950;AP0950;31.07.2016 20:41;31.07.2016 20:41;476144.5798;5552968.225;475881.0363;5553019.809
10951;AP0951;31.07.2016 20:46;31.07.2016 20:46;476263.9113;5552840.4;475977.068;5553059.659
10952;AP0952;31.07.2016 20:52;31.07.2016 20:52;476037.1413;5552423.806;476847.7318;5552498.485
10953;AP0953;31.07.2016 20:55;31.07.2016 20:55;476272.3776;5552588.503;476206.6122;5552935.826
10954;AP0954;31.07.2016 21:00;31.07.2016 21:00;475926.7665;5553102.33;476091.5957;5552976.46
10955;AP0955;31.07.2016 21:01;31.07.2016 21:01;476319.2915;5552401.473;476558.6369;5552357.001
10956;AP0956;31.07.2016 21:01;31.07.2016 21:01;476274.2579;5552827.673;476177.6795;5552991.896
10957;AP0957;31.07.2016 21:05;31.07.2016 21:05;475957.17;5552235.383;476062.8844;5552397.459
10958;AP0958;31.07.2016 21:23;31.07.2016 21:23;476087.5872;5553073.102;476642.5418;5552277.762
10959;AP0959;31.07.2016 21:25;31.07.2016 21:25;476261.0434;5552793.256;476449.8352;5552616.685
10960;AP0960;31.07.2016 21:25;31.07.2016 21:25;476844.2409;5552983.051;476015.5863;5552821.524
10961;AP0961;31.07.2016 21:28;31.07.2016 21:28;476532.3594;5552787.689;476879.1636;5552870.999
10962;AP0962;31.07.2016 21:29;31.07.2016 21:29;475864.9213;5553194.507;475933.3478;5553035.938
10963;AP0963;31.07.2016 21:29;31.07.2016 21:29;476621.1093;5552754.878;476145.8262;5552841.143
10964;AP0964;31.07.2016 21:34;31.07.2016 21:34;476222.9732;5552854.399;476042.4596;5553054.189
10965;AP0965;31.07.2016 21:40;31.07.2016 21:40;476397.9783;5552224.176;476489.5833;5552518.459
10966;AP0966;31.07.2016 21:46;31.07.2016 21:46;476001.4398;5552897.119;476900.8417;5552786.863
10967;AP0967;31.07.2016 21:46;31.07.2016 21:46;476399.7908;5552223.4;476398.7052;5552445.657
10968;AP0968;31.07.2016 21:46;31.07.2016 21:46;476401.5262;5552503.029;476574.8393;5553108.266
10969;AP0969;31.07.2016 21:47;31.07.2016 21:47;476140.0774;5552729.625;476092.758;5552907.295
10970;AP0970;31.07.2016 21:54;31.07.2016 21:54;476789.3216;5552371.265;475864.7434;5553159.378
10971;AP0971;31.07.2016 21:59;31.07.2016 21:59;476234.3101;5552748.325;476721.8511;5552698.691
10972;AP0972;31.07.2016 22:01;31.07.2016 22:01;476263.4786;5552587.342;476367.7991;5552409.15
10973;AP0973;31.07.2016 22:01;31.07.2016 22:01;476411.0471;5552532.922;476295.2719;5552799.467
10974;AP0974;31.07.2016 22:09;31.07.2016 22:09;475950.672;5553055.352;476653.5256;5552322.634
10975;AP0975;31.07.2016 22:10;31.07.2016 22:10;476470.7275;5552793.321;476599.0024;5552658.152
10976;AP0976;31.07.2016 22:19;31.07.2016 22:19;476212.3091;5552810.011;476247.1123;5552854.781
10977;AP0977;31.07.2016 22:24;31.07.2016 22:24;476086.4855;5552975.264;476472.8338;5552900.135
10978;AP0978;31.07.2016 22:25;31.07.2016 22:25;476369.2604;5552319.779;476061.4774;5552252.154
10979;AP0979;31.07.2016 22:28;31.07.2016 22:28;476587.4898;5552541.455;476119.4251;5552961.218
10980;AP0980;31.07.2016 22:28;31.07.2016 22:28;476189.1564;5552738.312;476046.0904;5552418.76
10981;AP0981;31.07.2016 22:32;31.07.2016 22:32;476723.5756;5552977.43;476872.8551;5552715.232
10982;AP0982;31.07.2016 22:34;31.07.2016 22:34;476282.4652;5552783.337;476091.9063;5552639.558
10983;AP0983;31.07.2016 22:35;31.07.2016 22:35;476653.8333;5552323.892;476771.9997;5552999.098
10984;AP0984;31.07.2016 22:37;31.07.2016 22:37;476587.3743;5552450.226;476760.0913;5552578.6
10985;AP0985;31.07.2016 22:42;31.07.2016 22:42;476736.2975;5552667.263;476055.6192;5552583.937
10986;AP0986;31.07.2016 22:43;31.07.2016 22:43;476406.8858;5552901.074;476758.7577;5553085.794
10987;AP0987;31.07.2016 22:50;31.07.2016 22:50;476141.7946;5552835.614;476437.0817;5552782.654
10988;AP0988;31.07.2016 22:53;31.07.2016 22:53;476411.5259;5552326.251;476039.6005;5552371.033
10989;AP0989;31.07.2016 22:54;31.07.2016 22:54;476696.2794;5552377.054;476306.392;5552954.172
10990;AP0990;31.07.2016 22:56;31.07.2016 22:56;476029.5698;5553051.566;476773.2146;5552533.607
10991;AP0991;31.07.2016 22:57;31.07.2016 22:57;476713.1493;5552443.376;476225.7423;5552839.716
10992;AP0992;31.07.2016 22:57;31.07.2016 23:57;476241.7504;5552397.83;476353.4396;5552250.909
10993;AP0993;31.07.2016 22:58;31.07.2016 22:58;476117.2963;5552819.635;476564.9289;5552859.329
10994;AP0994;31.07.2016 22:58;31.07.2016 22:58;476140.5346;5552801.005;476551.6204;5552750.775
10995;AP0995;31.07.2016 22:59;31.07.2016 22:59;476081.3438;5552598.356;476320.0155;5552870.069
10996;AP0996;31.07.2016 22:59;31.07.2016 22:59;476564.4604;5552867.136;476205.9659;5552238.64
10997;AP0997;31.07.2016 22:59;31.07.2016 22:59;476742.8892;5552782.512;476174.9723;5552908.667
10998;AP0998;31.07.2016 23:00;31.07.2016 23:00;476657.063;5552263.959;476200.7194;5552857.171
10999;AP0999;31.07.2016 23:00;31.07.2016 23:00;476272.2051;5552477.723;475950.672;5553055.352
11000;AP1000;31.07.2016 23:00;31.07.2016 23:00;476473.8761;5552515.036;476671.7292;5552388.119